year,EK,SK
22,10.83,7.789999999999964
23,2.26,2.109999999999985
24,2.26,4.910000000000068
25,5.87,8.979999999999961
26,3.16,1.34999999999998
27,4.06,6.600000000000037
28,9.48,9.82999999999997
29,3.61,7.280000000000015
30,4.52,1.8599999999999994
31,3.16,5.670000000000002
32,4.97,8.38000000000001
33,24.83,7.0299999999999585
34,4.52,16.76000000000002
35,8.13,7.6200000000000045
36,5.87,8.890000000000029
37,5.87,5.760000000000005
38,6.32,7.279999999999944
39,3.16,12.950000000000017
40,3.16,12.019999999999982
41,2.71,18.200000000000003
42,8.58,9.400000000000048
43,2.71,12.950000000000017
44,3.16,6.4399999999999835
45,8.129999999999999,6.34999999999998
46,2.71,8.290000000000006
47,3.16,10.080000000000027
48,10.84,5.159999999999982
49,17.61,5.6800000000000495
50,2.71,9.819999999999993
51,4.06,11.84999999999988
52,2.71,11.090000000000089
53,21.67,5.420000000000016
54,6.32,6.52000000000001
55,7.68,4.909999999999997
56,9.03,8.969999999999914
57,3.61,13.629999999999995
58,3.16,10.41000000000011
59,1.805,13.379999999999939
60,1.805,13.970000000000056
61,4.52,19.04999999999987
62,2.71,10.660000000000025
63,1.58,8.8900000000001
64,1.58,5.169999999999959
65,2.03,5.3300000000000125
66,2.03,1.6100000000000136
67,2.26,8.719999999999999
68,2.26,12.779999999999916
69,2.26,3.9800000000001035
70,2.71,6.769999999999925
71,3.16,12.369999999999948
72,3.16,12.520000000000095
73,4.52,19.309999999999974
74,11.29,7.530000000000001
75,6.32,5.079999999999956
76,2.935,14.309999999999974
77,2.935,4.230000000000018
78,14,14.72999999999999
79,6.32,10.840000000000032
80,4.06,13.800000000000097
81,4.06,11.169999999999902
82,2.26,17.360000000000042
83,2.26,12.530000000000001
84,3.61,11.089999999999947
85,4.97,14.390000000000072
86,5.87,7.710000000000008
87,7.68,7.609999999999957
88,6.77,9.399999999999977
89,4.52,13.119999999999976
90,5.42,14.230000000000018
91,11.29,13.119999999999976
92,4.97,18.370000000000033
93,10.39,11.340000000000003
94,1.805,9.570000000000078
95,1.805,4.229999999999876
96,6.77,10.670000000000073
97,10.39,7.4500000000000455
98,6.77,11.679999999999922
99,2.485,5.679999999999978
100,2.485,13.119999999999976
101,7.68,12.110000000000127
102,5.87,18.789999999999907
103,14.45,5.080000000000098
104,7.68,14.649999999999892
105,3.16,14.13000000000011
106,20.77,10.919999999999987
107,6.32,5.420000000000016
108,4.06,10.919999999999987
109,4.06,12.959999999999923
110,4.97,11.93000000000012
111,2.71,18.289999999999793
112,7.68,11.260000000000048
113,7.22,9.650000000000034
114,2.935,5.759999999999934
115,2.935,11.680000000000064
116,3.16,19.05000000000001
117,4.06,12.110000000000127
118,7.22,12.019999999999982
119,6.77,10.409999999999968
120,2.71,13.629999999999995
121,4.52,17.52999999999986
122,11.74,13.629999999999995
123,6.32,14.81000000000023
124,7.22,3.4699999999998
125,3.61,17.360000000000184
126,4.97,12.18999999999994
127,7.22,19.7199999999998
128,4.06,11.350000000000193
129,6.32,19.05000000000001
130,14.45,10.490000000000066
131,4.74,15.669999999999789
132,4.74,5.500000000000114
133,10.84,5.589999999999975
134,6.32,9.06000000000006
135,6.32,3.299999999999841
136,11.29,7.4500000000000455
137,8.13,8.629999999999995
138,5.87,9.480000000000075
139,8.58,14.900000000000091
140,8.22,6.779999999999973
141,5.48,5.840000000000032
142,6.85,10.999999999999943
143,8.22,9.489999999999839
144,4.11,13.460000000000036
145,8.67,10.999999999999943
146,5.48,24.220000000000255
147,7.3,22.089999999999748
148,5.48,11.350000000000193
149,25.11,20.819999999999936
150,2.74,11.939999999999884
151,4.11,20.910000000000082
152,13.24,10.579999999999927
153,9.13,19.21999999999997
154,4.56,8.810000000000002
155,8.67,11.000000000000227
156,5.02,1.9499999999999318
157,6.39,12.870000000000061
158,13.24,15.829999999999984
159,8.22,14.559999999999889
160,8.67,13.20999999999998
161,27.85,12.019999999999982
162,9.55,5.840000000000032
163,7.8,4.490000000000123
164,7.76,1.6100000000000136
165,5.02,2.109999999999843
166,5.93,4.910000000000139
167,5.93,4.230000000000018
168,7.3,8.220000000000027
169,5.93,11.430000000000007
170,7.3,6.8499999999997385
171,5.93,12.110000000000127
172,5.02,8.640000000000043
173,1.83,7.109999999999843
174,4.56,6.520000000000152
175,3.65,9.819999999999993
176,4.56,9.050000000000011
177,5.48,7.03000000000003
178,5.48,8.889999999999816
179,6.39,13.290000000000077
180,7.76,14.900000000000091
181,7.76,9.819999999999993
182,7.3,11.260000000000048
183,5.02,10.079999999999814
184,7.76,11.170000000000186
185,9.59,8.20999999999998
186,5.48,8.389999999999986
187,3.65,6.680000000000064
188,5.02,6.859999999999786
189,3.2,12.620000000000005
190,9.59,13.790000000000191
191,6.85,6.859999999999786
192,10.96,5.080000000000098
193,11.87,5.589999999999975
194,3.63,9.730000000000132
195,4.53,9.230000000000018
196,8.61,22.099999999999795
197,5.44,4.490000000000123
198,5.89,2.709999999999866
199,13.6,5.1600000000001955
200,4.99,12.3599999999999
201,5.89,2.4500000000000455
202,5.44,3.2200000000000273
203,6.35,12.18999999999994
204,4.08,3.8100000000000023
205,4.53,2.3699999999999477
206,8.16,9.14999999999992
207,5.89,10.829999999999984
208,8.16,7.4500000000000455
209,10.88,7.369999999999948
210,10.879999999999999,5.92000000000013
211,6.8,1.8700000000001182
212,6.35,13.029999999999973
213,9.52,4.410000000000025
214,4.08,13.709999999999809
215,7.71,3.050000000000068
216,10.43,2.9599999999999227
217,4.99,7.03000000000003
218,8.16,6.260000000000048
219,5.44,4.579999999999984
220,6.8,10.829999999999984
221,4.99,6.17999999999995
222,4.99,4.490000000000123
223,13.6,16.25
224,4.99,7.4500000000000455
225,5.44,2.6300000000000523
226,6.35,6.939999999999884
227,5.89,2.5399999999999068
228,4.99,3.640000000000043
229,5.44,8.470000000000084
230,7.25,10.919999999999845
231,8.16,2.790000000000248
232,4.53,2.1999999999999886
233,6.35,7.279999999999802
234,5.44,4.910000000000139
235,9.52,5.589999999999975
236,9.52,13.20999999999998
237,7.25,6.939999999999884
238,4.08,2.1999999999999886
239,6.35,3.640000000000043
240,4.99,5.169999999999959
241,3.17,4.9900000000002365
242,4.08,2.629999999999768
243,4.53,2.7899999999999636
244,11.78,18.620000000000232
245,4.53,5.509999999999877
246,7.71,4.14999999999992
247,6.8,12.020000000000266
248,5.89,7.189999999999941
249,6.8,2.629999999999768
250,5.89,2.880000000000109
251,4.99,6.17999999999995
252,4.53,2.6200000000000045
253,4.08,3.8900000000001
254,7.25,6.859999999999786
255,9.97,4.910000000000423
256,5.665,3.5599999999999454
257,5.665,11.509999999999536
258,6.8,3.8100000000002865
259,7.71,3.9800000000002456
260,5.89,5.839999999999463
261,11.78,5.840000000000032
262,8.16,8.720000000000141
263,6.35,3.9800000000002456
264,7.25,2.1999999999997044
265,11.78,4.320000000000164
266,12.69,4.069999999999823
267,4.99,4.820000000000277
268,4.99,5.0799999999998136
269,7.25,3.5599999999999454
270,6.8,3.0400000000003047
271,2.945,7.3699999999996635
272,2.945,5.250000000000341
273,3.4,3.3799999999996544
274,3.4,5.850000000000364
275,9.97,13.290000000000077
276,6.345,5.960008467400257
277,6.345,5.930000000000177
278,2.945,0.42000000000030013
279,2.945,4.230000000000018
280,16.545,5.669999999999504
281,16.545,2.6300000000003365
282,4.99,3.1299999999998818
283,4.99,3.3899999999999864
284,3.63,10.240000000000009
285,4.53,5.590000000000259
286,6.35,7.029999999999745
287,4.53,5.919999999999845
288,5.44,5.590000000000259
289,4.53,3.3899999999999864
290,4.99,11.680000000000064
291,2.72,10.409999999999968
292,5.89,3.7299999999999045
293,6.35,4.739999999999895
294,6.35,4.399999999999977
295,7.25,3.9800000000002456
296,5.89,3.1299999999998818
297,8.61,14.64999999999975
298,7.71,9.3100000000004
299,4.53,1.7799999999999727
300,5.89,2.7899999999999636
301,2.495,3.8999999999998636
302,2.495,4.9900000000002365
303,4.08,2.119999999999891
304,4.99,4.989999999999668
305,8.16,5.169999999999959
306,16.77,8.13000000000045
307,9.07,3.3799999999996544
308,5.89,2.880000000000109
309,4.53,6.519999999999868
310,5.44,7.5300000000004275
311,11.78,6.019999999999754
312,9.07,3.639999999999759
313,4.99,4.820000000000277
314,7.71,3.3899999999999864
315,4.99,2.9599999999999227
316,9.52,3.1299999999998818
317,4.99,4.580000000000268
318,4.53,3.720000000000141
319,6.35,4.319999999999595
320,6.8,3.6400000000003274
321,4.99,2.9599999999999227
322,2.72,3.639999999999759
323,2.72,3.7299999999999045
324,6.8,2.540000000000191
325,4.99,4.309999999999832
326,4.99,8.389999999999986
327,8.16,3.4700000000003683
328,13.14,4.9099999999998545
329,7.71,6.60000000000025
330,5.44,3.1299999999998818
331,3.625,3.050000000000068
332,3.625,2.3699999999996635
333,3.63,2.8000000000002956
334,4.53,5.0799999999998136
335,4.08,4.230000000000018
336,8.16,3.050000000000068
337,5.89,6.940000000000168
338,6.35,3.2200000000000273
339,8.16,3.0399999999997362
340,4.99,5.250000000000341
341,13.6,7.109999999999559
342,41.7,5.4200000000003
343,2.27,3.050000000000068
344,4.08,4.739999999999895
345,1.81,12.280000000000086
346,3.63,1.269999999999527
347,0.91,1.009999999999991
348,2.72,3.4700000000003683
349,4.08,2.119999999999891
350,2.72,4.150000000000205
351,5.44,5.929999999999609
352,2.72,21.08000000000004
353,2.72,2.8700000000003456
354,4.99,3.1399999999996453
355,6.35,3.0400000000003047
356,3.63,3.809999999999718
357,5.44,5.080000000000382
358,7.25,3.0499999999994998
359,14.5,2.71000000000015
360,2.495,2.200000000000273
361,2.495,2.5399999999996226
362,4.53,2.960000000000491
363,5.89,9.829999999999472
364,4.99,3.550000000000182
365,4.535,3.8100000000002865
366,4.535,6.599999999999682
367,4.53,3.8100000000002865
368,4.99,4.5799999999997
369,4.99,3.1299999999998818
370,4.08,3.2200000000000273
371,5.44,2.960000000000491
372,4.08,3.2200000000000273
373,5.89,6.0899999999998045
374,6.35,4.739999999999895
375,4.99,8.639999999999759
376,5.89,4.650000000000318
377,7.71,5.849999999999795
378,3.855,2.540000000000191
379,3.855,4.739999999999895
380,6.8,4.64999999999975
381,2.945,4.740000000000464
382,2.945,5.249999999999773
383,4.53,4.239999999999782
384,3.63,14.390000000000214
385,5.89,2.7899999999999636
386,4.99,3.8100000000002865
387,3.63,3.7299999999999045
388,4.08,7.4500000000000455
389,1.135,5.329999999999586
390,1.135,7.030000000000314
391,2.495,18.620000000000232
392,2.495,3.809999999999718
393,7.25,4.410000000000309
394,4.53,5.0799999999998136
395,10.43,4.569999999999936
396,3.63,4.060000000000059
397,6.35,4.660000000000082
398,4.53,3.8900000000001
399,3.17,6.009999999999991
400,6.35,2.5399999999996226
401,8.16,5.590000000000259
402,8.61,3.809999999999718
403,3.63,4.490000000000123
404,4.53,5.840000000000032
405,4.53,7.189999999999941
406,4.99,18.209999999999695
407,6.35,3.720000000000141
408,6.35,7.030000000000314
409,10.88,2.540000000000191
410,4.53,3.3799999999996544
411,3.63,2.9700000000002547
412,4.99,4.059999999999491
413,5.44,3.5599999999999454
414,1.565,7.4500000000000455
415,1.565,3.13000000000045
416,4.47,3.809999999999718
417,8.05,5.590000000000259
418,4.92,3.979999999999677
419,5.36,3.4700000000003683
420,4.47,9.139999999999873
421,2.68,3.1299999999998818
422,2.68,7.540000000000191
423,3.58,8.629999999999995
424,2.23,3.4699999999998
425,3.58,3.5599999999999454
426,3.58,5.670000000000073
427,5.81,3.8100000000002865
428,4.02,5.509999999999877
429,7.6,4.9099999999998545
430,4.02,6.349999999999909
431,6.7,4.480000000000359
432,2.68,6.269999999999527
433,2.68,6.430000000000291
434,4.02,2.459999999999809
435,4.02,4.060000000000059
436,4.47,3.5599999999999454
437,8.940000000000001,4.399999999999977
438,7.15,4.320000000000164
439,4.02,4.060000000000059
440,3.58,2.0299999999997453
441,5.36,3.7299999999999045
442,4.92,9.820000000000277
443,4.92,5.330000000000155
444,4.47,7.109999999999559
445,4.02,8.30000000000041
446,4.92,7.3699999999996635
447,1.79,5.920000000000414
448,1.79,2.5399999999996226
449,4.47,3.5599999999999454
450,3.13,1.7700000000002092
451,4.47,4.239999999999782
452,4.02,3.6400000000003274
453,5.36,3.7199999999995725
454,11.620000000000001,3.310000000000173
455,4.92,2.200000000000273
456,4.02,4.819999999999709
457,5.81,3.3000000000004093
458,2.68,4.069999999999823
459,5.36,1.5199999999998681
460,3.13,1.9499999999999318
461,2.68,5.760000000000218
462,5.36,2.869999999999777
463,5.81,7.370000000000232
464,4.02,2.7899999999999636
465,4.92,8.29999999999984
466,7.15,1.8600000000003547
467,3.58,1.9499999999999318
468,7.6,1.2700000000000955
469,5.36,4.739999999999895
470,1.79,3.050000000000068
471,1.79,3.299999999999841
472,4.92,3.4699999999998
473,4.92,5.0799999999998136
474,4.47,4.0600000000006276
475,1.125,3.1399999999996453
476,1.125,4.739999999999895
477,3.59,6.17999999999995
478,6.29,4.320000000000164
479,7.19,3.809999999999718
480,7.64,4.740000000000464
481,4.49,2.279999999999518
482,2.92,7.4500000000000455
483,2.92,4.320000000000164
484,4.04,2.7899999999999636
485,6.74,5
486,3.59,6.180000000000518
487,2.25,4.059999999999491
488,5.39,8.470000000000368
489,2.7,4.060000000000059
490,2.7,2.7099999999995816
491,1.8,5.590000000000259
492,4.94,2.880000000000109
493,2.7,2.3699999999996635
494,2.7,3.6400000000003274
495,4.04,4.149999999999636
496,8.09,3.380000000000223
497,8.09,4.320000000000164
498,46.730000000000004,2.9699999999996862
499,3.37,1.6000000000002501
500,3.37,3.5599999999999454
501,4.49,4.489999999999554
502,4.04,1.5200000000004366
503,3.59,2.459999999999809
504,3.14,2.8700000000003456
505,4.04,3.2200000000000273
506,5.39,5.589999999999691
507,3.59,2.880000000000109
508,1.57,2.880000000000109
509,1.57,6.429999999999723
510,4.49,2.370000000000232
511,4.49,3.4699999999998
512,5.39,1.8600000000003547
513,8.99,3.809999999999718
514,6.29,2.880000000000109
515,4.94,3.809999999999718
516,9.43,4.660000000000082
517,4.49,3.3000000000004093
518,6.29,1.9499999999993634
519,6.74,3.0500000000006366
520,4.04,3.8899999999995316
521,3.59,4.399999999999977
522,2.7,2.0300000000003138
523,1.8,4.069999999999823
524,3.59,4.150000000000205
525,2.7,1.9400000000001683
526,4.04,4.739999999999327
527,3.14,4.580000000000268
528,5.39,4.060000000000059
529,4.94,2.6200000000000045
530,2.7,2.880000000000109
531,5.84,4.319999999999595
532,4.94,9.3100000000004
533,3.14,3.1399999999996453
534,5.84,5.920000000000414
535,4.04,15.489999999999782
536,3.59,7.199999999999704
537,2.7,6.180000000000518
538,3.59,3.0499999999994998
539,4.04,3.720000000000141
540,4.94,5.680000000000405
541,4.49,7.3599999999999
542,5.84,5.840000000000032
543,4.94,7.4500000000000455
544,8.54,7.199999999999704
545,3.14,3.3899999999999864
546,4.04,3.550000000000182
547,2.25,2.9699999999996862
548,6.29,2.8700000000003456
549,4.04,5.249999999999773
550,6.29,4.660000000000082
551,4.94,3.050000000000068
552,3.59,2.109999999999559
553,3.59,4.910000000000423
554,3.14,3.4700000000003683
555,2.7,4.5799999999997
556,2.7,3.299999999999841
557,1.795,2.540000000000191
558,1.795,5.419999999999732
559,8.09,3.4699999999998
560,6.29,4.230000000000018
561,3.14,3.730000000000473
562,4.49,3.7199999999995725
563,12.58,4.0600000000006276
564,7.19,3.809999999999718
565,5.84,3.3899999999999864
566,4.49,4.230000000000018
567,7.19,4.580000000000268
568,4.49,4.569999999999936
569,3.59,3.1299999999998818
570,4.04,6.429999999999723
571,5.39,5.340000000000487
572,4.04,2.3699999999996635
573,7.19,4.399999999999977
574,7.19,3.4700000000003683
575,4.49,4.9099999999998545
576,5.84,7.880000000000109
577,2.7,2.4500000000000455
578,3.59,3.4699999999998
579,5.39,2.880000000000109
580,1.8,2.880000000000109
581,6.29,2.9599999999993543
582,2.25,4.070000000000391
583,2.7,2.699999999999818
584,3.59,3.3899999999999864
585,5.84,3.7299999999999045
586,3.14,3.6400000000003274
587,6.29,3.8900000000001
588,2.25,2.3699999999996635
589,4.49,3.3000000000004093
590,2.7,5.589999999999691
591,4.49,2.3699999999996635
592,3.59,3.4700000000003683
593,3.14,5.509999999999877
594,5.84,3.809999999999718
595,9.43,2.8700000000003456
596,14.83,4.149999999999636
597,3.37,5.670000000000073
598,3.37,2.540000000000191
599,5.84,3.5599999999999454
600,4.94,3.4699999999998
601,4.94,1.9500000000005002
602,2.7,8.129999999999882
603,4.04,4.479999999999791
604,4.94,5.080000000000382
605,3.59,3.7299999999999045
606,3.59,10.919999999999845
607,3.59,2.1999999999997044
608,3.59,3.6400000000003274
609,7.19,2.2900000000004184
610,3.14,5.329999999999586
611,4.04,4.060000000000059
612,3.59,8.29999999999984
613,4.94,2.540000000000191
614,4.49,4.659999999999513
615,4.04,15.830000000000268
616,4.49,2.6200000000000045
617,7.64,5.760000000000218
618,4.49,6.2599999999997635
619,4.49,4.410000000000309
620,5.39,2.279999999999518
621,2.25,3.2200000000000273
622,6.29,3.6400000000003274
623,4.04,2.9599999999999227
624,4.94,6.009999999999991
625,3.59,5.849999999999795
626,4.94,2.540000000000191
627,5.39,11.170000000000186
628,10.33,4.319999999999595
629,5.39,3.7200000000007094
630,4.49,3.5599999999999454
631,2.695,3.2999999999992724
632,2.695,2.8000000000002956
633,8.09,2.529999999999859
634,4.94,2.119999999999891
635,4.04,2.7100000000007185
636,6.29,5.929999999999609
637,4.94,4.060000000000059
638,7.64,3.7299999999999045
639,7.19,4.819999999999709
640,3.14,7.110000000000127
641,5.39,3.5599999999999454
642,3.59,2.200000000000273
643,5.84,2.7899999999999636
644,4.49,3.310000000000173
645,5.39,4.059999999999491
646,6.29,3.4700000000003683
647,4.49,4.150000000000205
648,4.04,3.299999999999841
649,2.7,3.2200000000000273
650,5.39,24.039999999999964
651,4.49,3.75
652,6.74,2.599999999999909
653,9.43,3.3300000000002683
654,5.39,7.5099999999997635
655,5.84,4.629999999999654
656,7.19,3.1600000000003092
657,3.14,2.9899999999997817
658,4.04,1.7500000000001137
659,3.59,3.9500000000003865
660,4.94,3.269999999999982
661,9.88,3.8999999999998636
662,2.245,4.739999999999895
663,2.245,3.8400000000001455
664,7.64,3.720000000000141
665,4.04,3.8900000000001
666,5.84,4.9699999999995725
667,8.09,2.42999999999995
668,3.59,4.060000000000059
669,2.7,4.569999999999936
670,3.14,5.760000000000218
671,5.39,5.1400000000001
672,4.94,2.7099999999995816
673,3.14,3.949999999999818
674,4.94,2.820000000000391
675,4.49,3.8900000000001
676,4.49,3.8999999999998636
677,7.19,3.3799999999996544
678,5.39,2.9400000000003956
679,6.74,2.6499999999998636
680,18.87,3.5000000000002274
681,5.39,2.090000000000032
682,2.695,4.059999999999491
683,2.695,1.9200000000000728
684,4.94,3.9500000000003865
685,3.59,3.2200000000000273
686,3.59,2.6499999999998636
687,3.14,2.880000000000109
688,2.695,2.939999999999827
689,2.695,3.779999999999859
690,4.94,14.20000000000016
691,5.39,16.27999999999986
692,2.7,2.0300000000003138
693,6.74,2.9899999999997817
694,4.49,13.629999999999995
695,4.94,4.399999999999977
696,3.14,2.4600000000003774
697,4.04,7.019999999999982
698,6.74,3.639999999999759
699,3.14,3.5599999999999454
700,4.94,3.2200000000000273
701,4.94,7.869999999999777
702,4.04,4.320000000000164
703,2.47,4.490000000000123
704,2.47,3.9699999999999136
705,8.54,3.310000000000173
706,5.84,2.4500000000000455
707,4.49,4.320000000000164
708,5.39,3.7199999999995725
709,2.245,4.5799999999997
710,2.245,3.550000000000182
711,3.14,3.5599999999999454
712,7.19,2.4500000000000455
713,2.7,4.830000000000609
714,5.84,4.739999999999327
715,3.14,3.9800000000002456
716,5.39,5.1600000000001955
717,3.59,6.099999999999568
718,3.59,5.8400000000006
719,4.04,3.0499999999994998
720,1.57,5.249999999999773
721,1.57,2.960000000000491
722,2.25,2.4500000000000455
723,2.7,2.9700000000002547
724,3.59,2.109999999999559
725,2.7,1.0200000000003229
726,11.23,2.7899999999999636
727,9.88,2.7099999999995816
728,14.38,2.9700000000002547
729,1.97,2.9599999999999227
730,10.26,4.989999999999668
731,6.88,2.6300000000003365
732,6.65,3.6400000000003274
733,5.47,2.5399999999996226
734,3.1,3.4700000000003683
735,4.15,6.247468247248094
736,5.82,3.809999999999718
737,4.09,6.009999999999991
738,7.59,4.9900000000002365
739,2.74,2.7099999999995816
740,3.61,3.8100000000002865
741,4.09,5
742,8.9,1.8599999999997863
743,2.29,4.230000000000018
744,3.72,6.860000000000355
745,3.61,5.159999999999627
746,3.49,4.910000000000423
747,12.66,1.6999999999995907
748,5.37,6.349999999999909
749,3.16,3.4700000000003683
750,4.06,3.0399999999997362
751,4.02,3.8100000000002865
752,2.78,4.239999999999782
753,2.67,3.9800000000002456
754,3.72,6.9399999999996
755,4.4,2.4500000000000455
756,5.45,2.2900000000004184
757,3.53,4.659999999999513
758,1.82,1.5200000000004366
759,1.82,5.929999999999609
760,4.09,3.0400000000003047
761,4.09,3.310000000000173
762,2.63,4.230000000000018
763,3.68,2.3699999999996635
764,2.25,3.9800000000002456
765,3.08,2.8799999999995407
766,3.08,4.400000000000546
767,6.39,1.6899999999998272
768,19.91,2.0299999999997453
769,5.26,4.24000000000035
770,2.67,3.2099999999996953
771,6.99,2.370000000000232
772,3.94,3.050000000000068
773,10.03,2.8799999999995407
774,2.425,4.490000000000123
775,7.045,15.49000000000035
776,4.96,5.159999999999627
777,9.690000000000001,6.610000000000014
778,3.61,2.880000000000109
779,5.03,3.2100000000002638
780,3.27,2.8799999999995407
781,4.51,3.4700000000003683
782,3.04,5.419999999999732
783,3.57,3.1299999999998818
784,5.45,2.880000000000109
785,5.94,4.070000000000391
786,4.06,2.109999999999559
787,2.67,3.4700000000003683
788,6.27,3.3899999999999864
789,4.51,5.589999999999691
790,7.29,3.0400000000003047
791,3.94,3.7299999999999045
792,4.51,9.139999999999873
793,5.15,4.320000000000164
794,3.34,3.5599999999999454
795,6.91,3.2099999999996953
796,56.88,5.250000000000341
797,13.98,9.399999999999977
798,3.795,2.0299999999997453
799,6.465,2.71000000000015
800,3.23,3.5599999999999454
801,4.13,3.4700000000003683
802,6.61,3.809999999999718
803,3.68,3.380000000000223
804,3.53,2.1999999999997044
805,5.5600000000000005,12.450000000000045
806,2.52,3.8100000000002865
807,2.745,1.269999999999527
808,2.745,4.399999999999977
809,3.61,5.250000000000341
810,3.61,2.9599999999999227
811,3.19,3.8999999999998636
812,1.805,3.8100000000002865
813,1.805,3.3799999999996544
814,6.8,7.880000000000109
815,4.88,2.6200000000000045
816,3.31,1.5300000000002
817,4.28,3.2100000000002638
818,11.38,2.799999999999727
819,12.4,3.3799999999996544
820,14.13,1.610000000000582
821,9.129999999999999,3.9799999999991087
822,4.4,2.460000000000946
823,2.7,3.1299999999998818
824,3.23,2.7899999999999636
825,3.08,2.7099999999995816
826,4.06,3.3000000000004093
827,5.9,3.5599999999999454
828,2.22,4.650000000000318
829,2.78,4.239999999999782
830,2.7,3.1299999999998818
831,3.16,3.6400000000003274
832,3.16,4.149999999999636
833,3.08,4.399999999999409
834,3.23,2.960000000000491
835,2.67,4.9099999999998545
836,2.78,7.540000000000191
837,2.18,3.3000000000004093
838,3.64,7.539999999999054
839,5.37,2.1100000000001273
840,3.53,2.6300000000003365
841,5,3.3000000000004093
842,3.61,3.209999999999127
843,3.76,6.350000000001046
844,5.79,7.3699999999996635
845,10.41,4.8299999999994725
846,2.82,5.579999999999927
847,2.82,2.540000000000191
848,5.6,2.9700000000002547
849,5.37,3.6400000000003274
850,3.61,2.3699999999996635
851,8.11,3.1299999999998818
852,15.82,4.660000000000082
853,12.17,4.479999999999791
854,3.23,4.569999999999936
855,2.52,4.070000000000391
856,2.82,4.149999999999636
857,8.56,4.569999999999936
858,9.5,3.4699999999998
859,8.79,2.7100000000007185
860,2.82,2.7899999999999636
861,3.19,11.599999999999682
862,1.805,6.009999999999991
863,1.805,2.7099999999995816
864,2.63,3.8900000000001
865,3.19,3.5599999999999454
866,2.78,1.9500000000005002
867,5.41,4.650000000000318
868,5.03,3.8999999999998636
869,6.27,3.3799999999996544
870,11.8,7.119999999999891
871,4.96,7.870000000000346
872,2.07,7.029999999999745
873,3.68,5.159999999999627
874,8.04,2.7100000000007185
875,4.02,4.059999999999491
876,3.19,8.4699999999998
877,2.22,2.960000000000491
878,2.82,10.410000000000537
879,2.7,10.839999999999463
880,4.13,4.400000000000546
881,3.04,5.419999999999163
882,4.09,5.930000000000746
883,3.64,4.399999999999409
884,5.37,3.809999999999718
885,3.08,3.7200000000007094
886,5.86,2.540000000000191
887,3.72,3.9799999999991087
888,2.16,3.8999999999998636
889,2.16,3.3000000000004093
890,6.46,4.0600000000006276
891,1.77,3.729999999999336
892,2.78,4.150000000000773
893,7.18,11.259999999999764
894,2.33,4.9099999999998545
895,7.74,3.4699999999998
896,28.22,3.4699999999998
897,7.22,4.400000000000546
898,12.17,8.129999999999882
899,5.45,4.739999999999327
900,1.99,3.0500000000006366
901,1.99,7.5300000000004275
902,8.11,5.079999999999245
903,6.31,11.009999999999991
904,6.01,6.090000000000373
905,2.97,5.589999999999691
906,1.92,3.2200000000000273
907,2.7,2.7099999999995816
908,9.95,3.550000000000182
909,9.655,4.070000000000391
910,9.655,7.3599999999999
911,2.93,5.4200000000003
912,2.93,3.9800000000002456
913,2.18,5.249999999999773
914,3.68,4.149999999999636
915,5.9,3.4699999999998
916,4.88,2.960000000000491
917,14.01,5.079999999999245
918,2.74,9.740000000000464
919,5.9,5.330000000000155
920,3.61,4.399999999999409
921,3.08,3.1299999999998818
922,7.29,6.78000000000111
923,5,3.409999999998945
924,3.42,3.1900000000007367
925,6.05,5.079999999999245
926,7.96,3.470000000000937
927,4.545,4.739999999999327
928,4.545,1.6899999999998272
929,3.19,5.590000000000828
930,7.1,3.729999999999336
931,2.105,2.280000000000655
932,2.105,1.6099999999994452
933,2.64,2.2900000000004184
934,3.95,3.1299999999998818
935,5.22,2.2900000000004184
936,3.57,4.309999999999263
937,1.81,22.17999999999961
938,2.91,3.1600000000003092
939,10.82,2.3500000000001364
940,4.13,6.180000000000518
941,6.69,3.6399999999991905
942,4.09,4.740000000000464
943,4.09,2.619999999999436
944,3.57,6.520000000000437
945,3.975,2.7099999999995816
946,3.975,7.3700000000008
947,4.98,6.730000000000018
948,3.305,14.519999999999982
949,3.305,4.9900000000002365
950,5.79,3.2199999999988904
951,6.69,6.2600000000009
952,12.41,5.339999999999918
953,3.12,5.240000000000009
954,4.9,3.310000000000173
955,1.785,5.329999999999018
956,1.785,2.880000000000109
957,4.09,2.620000000000573
958,4.38,3.2200000000000273
959,5.87,2.619999999999436
960,5.27,2.3700000000008004
961,3.49,2.539999999999054
962,7.65,2.7100000000007185
963,9.81,3.8999999999998636
964,7.73,3.6400000000003274
965,2.53,3.2200000000000273
966,3.64,3.2100000000002638
967,4.09,2.0299999999997453
968,3.05,3.1399999999996453
969,5.27,3.3799999999996544
970,9.879999999999999,3.810000000000855
971,3.57,4.8299999999994725
972,5.29,8.039999999999736
973,3.29,8.72000000000071
974,2.62,4.569999999999936
975,2.17,4.319999999999027
976,2.73,12.870000000000346
977,2.28,3.8900000000001
978,6.07,6.100000000000136
979,3.62,6.689999999999827
980,2.62,8.630000000000564
981,4.01,5.929999999999609
982,5.74,7.3599999999999
983,5.4,1.6999999999995907
984,3.06,2.960000000000491
985,3.57,3.390000000000555
986,2.17,2.3699999999996635
987,3.73,3.1299999999998818
988,2.59,4.320000000000164
989,2.59,4.650000000000318
990,9.42,3.0499999999994998
991,3.62,3.3000000000004093
992,3.62,3.809999999999718
993,5.35,4.9099999999998545
994,2.23,3.809999999999718
995,3.06,6.689999999999827
996,1.615,4.569999999999936
997,1.615,4.150000000000773
998,4.85,3.2999999999992724
999,4.01,3.3000000000004093
1000,4.46,7.619999999999436
1001,2.62,4.320000000000164
1002,4.01,2.2900000000004184
1003,4.07,2.7899999999999636
1004,3.45,2.620000000000573
1005,2.84,3.5599999999999454
1006,6.63,4.8299999999994725
1007,4.9,3.550000000000182
1008,6.18,8.809999999999718
1009,4.12,7.3599999999999
1010,16.49,5.8400000000006
1011,13.29,4.489999999999554
1012,5.04,3.730000000000473
1013,3.67,3.6399999999991905
1014,3.67,3.7200000000007094
1015,2.75,2.199999999999136
1016,3.21,5.760000000000218
1017,3.21,4.490000000000691
1018,2.06,3.1299999999998818
1019,2.06,2.7099999999995816
1020,6.87,2.7899999999999636
1021,4.12,5.670000000000073
1022,4.58,3.809999999999718
1023,4.58,3.730000000000473
1024,4.58,1.9399999999995998
1025,3.21,3.390000000000555
1026,2.29,3.0499999999994998
1027,5.04,3.3000000000004093
1028,2.75,3.390000000000555
1029,4.58,3.4699999999998
1030,4.58,3.2200000000000273
1031,2.75,2.7899999999999636
1032,3.67,2.7099999999995816
1033,3.21,4.399999999999409
1034,11.45,3.3000000000004093
1035,3.21,5
1036,4.58,1.5200000000004366
1037,7.79,1.4400000000000546
1038,4.58,2.3699999999996635
1039,7.79,2.119999999999891
1040,5.5,3.550000000000182
1041,3.67,6.009999999999991
1042,3.21,2.799999999999727
1043,5.5,4.230000000000018
1044,4.12,2.3699999999996635
1045,5.04,3.1300000000010186
1046,5.5,3.389999999999418
1047,3.67,5.499999999999545
1048,11.91,3.9800000000002456
1049,4.12,3.0500000000006366
1050,5.5,4.230000000000018
1051,8.71,7.709999999999582
1052,5.04,4.479999999999791
1053,3.21,4.410000000000309
1054,4.12,4.479999999999791
1055,7.79,6.520000000000437
1056,3.21,4.230000000000018
1057,4.12,7.709999999999582
1058,4.12,3.809999999999718
1059,3.67,4.150000000000773
1060,4.12,3.549999999999045
1061,7.33,2.200000000000273
1062,3.67,3.9800000000002456
1063,5.5,4.9099999999998545
1064,3.665,4.910000000000991
1065,3.665,4.319999999999027
1066,5.04,8.799999999999955
1067,6.41,3.9000000000010004
1068,2.75,3.809999999999718
1069,8.71,4.9899999999991
1070,45.36,3.0500000000006366
1071,2.29,4.149999999999636
1072,9.16,7.200000000000273
1073,3.67,9.729999999999563
1074,4.12,4.070000000000391
1075,3.21,1.8600000000003547
1076,4.12,4.230000000000018
1077,8.25,3.4699999999998
1078,2.75,3.2200000000000273
1079,9.16,4.230000000000018
1080,13.75,3.809999999999718
1081,2.29,3.3000000000004093
1082,2.75,5.079999999999245
1083,5.5,9.650000000000318
1084,4.12,5.589999999999691
1085,3.67,3.730000000000473
1086,1.83,4.230000000000018
1087,4.12,2.3699999999996635
1088,3.67,6.009999999999991
1089,9.62,6.599999999999682
1090,9.62,3.390000000000555
1091,7.33,3.9800000000002456
1092,37.11,6.1799999999993815
1093,8.25,3.810000000000855
1094,2.75,6.0999999999989996
1095,1.83,8.630000000000564
1096,3.21,6.599999999999682
1097,2.75,3.4800000000007003
1098,1.835,5.159999999999627
1099,1.835,4.230000000000018
1100,2.75,4.830000000000609
1101,2.75,2.539999999999054
1102,2.29,3.810000000000855
1103,1.83,4.059999999999491
1104,2.29,4.059999999999491
1105,1.145,3.730000000000473
1106,1.145,3.5599999999999454
1107,2.29,6.599999999999682
1108,1.375,3.470000000000937
1109,1.375,7.699999999999818
1110,1.83,5.419999999999163
1111,1.83,6.100000000000136
1112,1.83,3.9800000000002456
1113,1.83,5.750000000000455
1114,2.75,6.5199999999993
1115,2.29,6.940000000000737
1116,2.75,7.119999999999891
1117,1.83,6.009999999999991
1118,4.12,4.739999999999327
1119,1.83,4.150000000000773
1120,2.29,3.1299999999998818
1121,3.21,6.9399999999996
1122,1.83,5.330000000000155
1123,2.75,2.6300000000003365
1124,3.67,6.770000000000209
1125,1.83,4.230000000000018
1126,2.75,6.440000000000055
1127,2.29,8.629999999999427
1128,4.12,6.9500000000005
1129,3.21,6.009999999998854
1130,6.41,5.750000000000455
1131,3.67,2.459999999999809
1132,4.12,6.599999999999682
1133,5.04,3.1300000000010186
1134,3.67,6.1799999999993815
1135,4.58,3.810000000000855
1136,2.75,7.619999999999436
1137,3.205,4.149999999999636
1138,3.205,2.200000000000273
1139,3.67,2.459999999999809
1140,2.29,2.880000000000109
1141,2.75,9.220000000000255
1142,2.75,3.809999999999718
1143,5.04,3.730000000000473
1144,2.75,3.4699999999998
1145,3.21,4.489999999999554
1146,3.21,6.2600000000009
1147,3.67,3.9799999999991087
1148,4.58,3.6400000000003274
1149,5.04,3.5599999999999454
1150,4.58,4.3100000000004
1151,4.58,2.459999999999809
1152,5.5,3.8900000000001
1153,3.21,3.1399999999996453
1154,3.67,3.6400000000003274
1155,6.41,4.149999999999636
1156,3.435,4.230000000000018
1157,3.435,6.2599999999997635
1158,4.58,4.660000000000082
1159,7.33,5.330000000000155
1160,7.33,2.880000000000109
1161,12.37,3.8999999999998636
1162,4.12,5.499999999999545
1163,7.33,3.890000000001237
1164,11,5.679999999999836
1165,3.21,5.329999999999018
1166,5.5,4.820000000000846
1167,5.04,4.239999999999782
1168,4.12,3.2100000000002638
1169,6.41,7.789999999999964
1170,3.21,2.7099999999995816
1171,4.58,3.730000000000473
1172,3.21,3.889999999998963
1173,2.75,2.540000000000191
1174,1.605,3.1299999999998818
1175,1.605,3.810000000000855
1176,5.04,3.0499999999994998
1177,1.375,6.349999999999909
1178,1.375,4.320000000000164
1179,4.12,6.090000000000373
1180,4.58,5.509999999999309
1181,2.29,2.7100000000007185
1182,5.04,4.059999999999491
1183,2.75,4.489999999999554
1184,2.75,3.7200000000007094
1185,2.75,2.540000000000191
1186,3.67,4.8299999999994725
1187,3.67,1.9400000000007367
1188,3.21,1.7799999999988358
1189,2.75,4.150000000000773
1190,2.29,2.620000000000573
1191,2.29,5.509999999999309
1192,3.21,3.7200000000007094
1193,3.21,4.659999999998945
1194,4.58,4.9900000000002365
1195,4.58,4.8299999999994725
1196,2.29,5.2500000000009095
1197,4.58,5.249999999999773
1198,5.96,4.399999999999409
1199,5.96,4.740000000000464
1200,8.71,6.770000000000209
1201,5.04,6.618458933107831
1202,24.74,3.8999999999998636
1203,3.67,5.159999999999627
1204,7.33,7.540000000000191
1205,19.24,3.1299999999998818
1206,3.21,4.490000000000691
1207,3.67,6.849999999999454
1208,4.12,5.080000000000382
1209,3.67,6.609999999999445
1210,2.75,4.139999999999873
1211,3.67,2.460000000000946
1212,7.33,4.149999999999636
1213,3.67,4.650000000000318
1214,6.41,3.389999999999418
1215,9.16,2.880000000000109
1216,6.87,3.9800000000002456
1217,4.12,2.200000000000273
1218,6.41,3.2200000000000273
1219,4.58,1.7699999999990723
1220,4.58,2.460000000000946
1221,6.41,2.4500000000000455
1222,3.67,1.6999999999995907
1223,5.5,1.9399999999995998
1224,3.67,2.2900000000004184
1225,3.21,2.0299999999997453
1226,3.67,2.7099999999995816
1227,4.58,1.4400000000000546
1228,2.75,2.030000000000882
1229,4.12,1.8599999999992178
1230,8.7,4.660000000000082
1231,4.58,2.119999999999891
1232,5.96,1.9400000000007367
1233,2.75,2.459999999999809
1234,3.67,5.330000000000155
1235,4.12,1.5300000000002
1236,3.21,5.919999999999845
1237,3.21,2.199999999999136
1238,3.67,6.440000000000055
1239,3.21,3.470000000000937
1240,3.21,8.039999999999736
1241,5.96,7.789999999999964
1242,2.75,3.8999999999998636
1243,5.5,5.240000000000009
1244,5.96,2.119999999999891
1245,1.37,2.540000000000191
1246,3.21,2.2900000000004184
1247,2.75,1.7699999999990723
1248,2.29,3.810000000000855
1249,2.29,3.729999999999336
1250,2.75,2.7100000000007185
1251,3.67,2.279999999999518
1252,4.58,1.6099999999994452
1253,3.21,4.740000000000464
1254,3.21,2.540000000000191
1255,6.87,4.5799999999997
1256,7.33,3.2100000000002638
1257,12.37,3.809999999999718
1258,5.04,7.280000000000655
1259,7.33,4.149999999999636
1260,5.5,3.0499999999994998
1261,6.87,2.200000000000273
1262,2.75,3.3000000000004093
1263,1.375,3.0499999999994998
1264,1.375,3.730000000000473
1265,3.67,2.7899999999999636
1266,4.12,2.279999999999518
1267,2.75,3.2200000000000273
1268,2.75,3.4699999999998
1269,3.21,4.150000000000773
1270,3.21,3.4699999999998
1271,2.75,7.4500000000000455
1272,3.21,4.239999999999782
1273,3.67,8.550000000000182
1274,4.58,2.9599999999993543
1275,5.04,5.8400000000006
1276,7.79,5.330000000000155
1277,4.12,4.320000000000164
1278,3.67,4.320000000000164
1279,3.67,3.1299999999998818
1280,4.12,3.729999999999336
1281,6.87,3.1299999999998818
1282,4.12,3.0500000000006366
1283,3.67,3.8900000000001
1284,3.21,5.499999999999545
1285,4.12,2.119999999999891
1286,3.21,4.0600000000006276
1287,4.12,2.799999999999727
1288,2.29,2.540000000000191
1289,2.29,2.619999999999436
1290,2.29,3.8999999999998636
1291,5.04,2.620000000000573
1292,3.21,6.859999999999218
1293,5.5,1.5200000000004366
1294,3.67,3.390000000000555
1295,5.5,3.389999999999418
1296,3.67,2.279999999999518
1297,2.75,2.2900000000004184
1298,0.685,1.8600000000003547
1299,0.685,3.0499999999994998
1300,1.83,3.1299999999998818
1301,3.67,4.230000000000018
1302,3.67,2.200000000000273
1303,5.04,2.2900000000004184
1304,2.29,4.059999999999491
1305,6.87,3.9800000000002456
1306,3.24,2.3699999999996635
1307,3.09,4.240000000000919
1308,8.129999999999999,2.539999999999054
1309,3.99,6.090000000000373
1310,7.76,2.459999999999809
1311,6.33,3.4699999999998
1312,3.99,2.960000000000491
1313,4.52,5.670000000000073
1314,3.99,4.239999999999782
1315,4.22,3.809999999999718
1316,2.11,2.7899999999999636
1317,2.86,3.1299999999998818
1318,4.07,6.009999999999991
1319,5.95,350.5000000000007
1320,4.44,5.919999999999845
1321,35.85,5.510000000000446
1322,3.77,5.4099999999994
1323,7.61,6.610000000000582
1324,3.92,3.6399999999991905
1325,6.63,2.4500000000000455
1326,4.29,12.110000000000127
1327,6.63,4.320000000000164
1328,3.62,4.479999999999791
1329,3.09,6.100000000000136
1330,4.59,4.400000000000546
1331,1.845,4.489999999999554
1332,1.845,6.009999999999991
1333,3.01,5.330000000000155
1334,4.22,5.4200000000003
1335,4.9,7.449999999998909
1336,5.5,3.220000000001164
1337,12.58,2.619999999999436
1338,4.52,2.880000000000109
1339,5.35,2.2900000000004184
1340,6.85,2.7899999999999636
1341,3.99,5.079999999999245
1342,5.57,3.8999999999998636
1343,4.9,2.620000000000573
1344,4.67,5.839999999999463
1345,5.2,3.810000000000855
1346,3.84,2.119999999999891
1347,4.44,3.3799999999996544
1348,4.59,2.2900000000004184
1349,3.99,2.2899999999992815
1350,3.99,3.2100000000002638
1351,11.75,2.0299999999997453
1352,5.12,1.8100000000004002
1353,4.07,2.0899999999994634
1354,7.61,1.8100000000004002
1355,5.5,2.0799999999997
1356,12.05,2.7100000000007185
1357,7.76,1.6999999999995907
1358,4.37,2.820000000000391
1359,6.93,3.6099999999999
1360,5.42,1.189999999999145
1361,2.86,1.7700000000002092
1362,9.19,2.540000000000191
1363,2.71,2.0299999999997453
1364,2.34,4.580000000000837
1365,4.67,2.3699999999996635
1366,3.01,4.9900000000002365
1367,3.62,15.240000000000009
1368,1.395,3.5599999999999454
1369,1.395,8.8900000000001
1370,3.09,2.279999999999518
1371,2.79,2.119999999999891
1372,3.54,2.3700000000008004
1373,2.34,2.3699999999996635
1374,3.16,1.5199999999992997
1375,1.96,2.880000000000109
1376,1.96,3.5599999999999454
1377,3.84,1.349999999999909
1378,3.92,3.3000000000004093
1379,6.78,1.6099999999994452
1380,6.7,2.030000000000882
1381,15.06,3.4799999999995634
1382,2.64,2.280000000000655
1383,3.24,6.009999999999991
1384,3.16,3.4699999999998
1385,2.56,3.8999999999998636
1386,3.16,3.6400000000003274
1387,1.88,4.739999999999327
1388,2.26,3.809999999999718
1389,2.26,5.590000000000828
1390,4.07,4.230000000000018
1391,4.07,2.619999999999436
1392,3.62,2.200000000000273
1393,4.07,4.489999999999554
1394,7.76,7.3700000000008
1395,3.54,1.7699999999990723
1396,6.33,2.800000000000864
1397,2.86,5.249999999999773
1398,4.03,4.320000000000164
1399,10.58,4.9099999999998545
1400,2.34,3.6400000000003274
1401,1.88,7.279999999999518
1402,3.62,6.009999999999991
1403,1.545,2.619999999999436
1404,1.545,5.760000000000218
1405,2.86,5.500000000000682
1406,3.46,2.799999999999727
1407,3.01,5.919999999999845
1408,1.545,7.200000000000273
1409,1.545,1.7799999999999727
1410,4.82,2.619999999999436
1411,6.705,4.740000000000464
1412,6.705,15.489999999999782
1413,1.17,11.259999999999764
1414,1.17,8.130000000001019
1415,3.24,8.809999999999718
1416,1.81,8.379999999999654
1417,3.92,5.4200000000003
1418,2.56,2.8700000000003456
1419,2.79,5.079999999999245
1420,2.94,6.860000000000355
1421,2.26,9.739999999999327
1422,3.92,3.3800000000007913
1423,2.49,3.4699999999998
1424,3.16,6.100000000000136
1425,3.09,5.159999999999627
1426,4.59,5.249999999999773
1427,5.2,3.4699999999998
1428,4.07,2.2100000000000364
1429,3.84,4.139999999999873
1430,8.879999999999999,5.2500000000009095
1431,3.62,6.100000000000136
1432,3.16,1.5199999999992997
1433,9.040000000000001,3.3000000000004093
1434,2.64,4.5799999999997
1435,2.94,3.8900000000001
1436,3.54,2.9599999999993543
1437,2.18,3.9800000000013824
1438,3.62,2.3699999999996635
1439,4.14,2.459999999999809
1440,2.26,6.2599999999997635
1441,3.69,1.3599999999996726
1442,8.969999999999999,10.920000000000982
1443,2.26,6.689999999999827
1444,3.09,4.650000000000318
1445,4.59,2.199999999999136
1446,5.95,3.730000000000473
1447,3.99,6.349999999999909
1448,3.62,2.619999999999436
1449,6.18,5.510000000000446
1450,2.79,3.809999999999718
1451,4.07,1.349999999999909
1452,5.05,3.8900000000001
1453,2.56,3.730000000000473
1454,4.37,4.149999999999636
1455,5.2,6.009999999999991
1456,3.24,2.0299999999997453
1457,6.25,2.880000000000109
1458,9.120000000000001,6.599999999999682
1459,4.59,2.119999999999891
1460,5.8,4.820000000000846
1461,2.41,4.070000000000391
1462,3.92,1.6899999999986903
1463,3.16,2.7100000000007185
1464,2.71,1.8600000000003547
1465,1.88,5
1466,2.635,2.200000000000273
1467,2.635,2.7099999999995816
1468,2.79,4.660000000000082
1469,4.59,3.7199999999995725
1470,3.16,5.160000000000764
1471,3.01,8.299999999999272
1472,4.59,2.2900000000004184
1473,1.58,3.0399999999997362
1474,1.58,4.5799999999997
1475,4.59,7.110000000000127
1476,6.4,6.6000000000008185
1477,3.54,2.199999999999136
1478,9.79,7.200000000000273
1479,5.05,2.0299999999997453
1480,6.33,1.4400000000000546
1481,5.95,4.0600000000006276
1482,15.76,5.249999999999773
1483,7.78,6.609999999999445
1484,14.46,9.560000000000173
1485,37.44,6.779999999999973
1486,6.25,3.7200000000007094
1487,3.92,12.189999999999372
1488,3.01,5
1489,3.01,6.349999999999909
1490,0.98,2.279999999999518
1491,2.64,2.960000000000491
1492,0.94,7.029999999999745
1493,0.94,2.960000000000491
1494,1.58,4.9099999999998545
1495,2.33,4.919999999999618
1496,1.88,1.690000000000964
1497,4.52,2.199999999999136
1498,2.07,4.490000000000691
1499,2.07,1.5199999999992997
1500,7.23,1.5200000000004366
1501,2.56,4.320000000000164
1502,3.62,7.880000000000109
1503,3.99,4.9099999999998545
1504,4.37,3.6400000000003274
1505,6.33,9.139999999999873
1506,3.01,2.3699999999996635
1507,3.39,2.7099999999995816
1508,3.01,8.470000000000937
1509,3.24,2.3699999999996635
1510,5.8,7.699999999999818
1511,4.9,3.6399999999991905
1512,3.16,20.230000000001382
1513,4.07,6.609999999999445
1514,4.14,3.2100000000002638
1515,3.16,5.339999999999918
1516,4.07,2.4500000000000455
1517,5.42,2.119999999999891
1518,3.62,3.2200000000000273
1519,5.05,2.7899999999999636
1520,5.42,4.399999999999409
1521,4.52,1.7000000000007276
1522,3.99,3.2999999999992724
1523,1.81,4.149999999999636
1524,1.81,2.620000000000573
1525,5.65,2.200000000000273
1526,6.03,2.3699999999996635
1527,1.21,2.200000000000273
1528,3.39,1.8700000000001182
1529,4.14,3.9800000000002456
1530,3.16,2.279999999999518
1531,28.17,2.2900000000004184
1532,6.55,3.1299999999998818
1533,3.54,2.2900000000004184
1534,5.72,4.309999999999263
1535,7.380000000000001,3.4699999999998
1536,3.99,3.470000000000937
1537,4.67,2.6299999999991996
1538,3.99,4.230000000000018
1539,4.52,3.809999999999718
1540,3.31,3.3000000000004093
1541,3.92,5.760000000000218
1542,9.94,2.539999999999054
1543,3.77,8.470000000000937
1544,4.44,3.1299999999998818
1545,7.23,3.7199999999995725
1546,4.6,3.0500000000006366
1547,4.07,2.6300000000003365
1548,2.035,4.230000000000018
1549,2.035,3.9799999999991087
1550,10.85,4.400000000000546
1551,4.97,3.6400000000003274
1552,5.57,3.129999999998745
1553,3.99,3.730000000000473
1554,3.01,0.9300000000007458
1555,1.845,3.7199999999995725
1556,6.745,1.190000000000282
1557,13.26,4.659999999998945
1558,4.52,3.3000000000004093
1559,3.62,2.7100000000007185
1560,4.37,3.6399999999991905
1561,4.07,8.8900000000001
1562,4.59,3.1299999999998818
1563,2.26,2.3699999999996635
1564,6.25,4.9900000000002365
1565,3.99,2.2900000000004184
1566,5.88,3.809999999999718
1567,2.34,3.390000000000555
1568,20.41,3.1299999999998818
1569,2.26,3.3000000000004093
1570,2.71,4.5699999999987995
1571,3.24,3.0500000000006366
1572,7,1.6899999999998272
1573,4.67,1.9500000000005002
1574,4.07,5.169999999999391
1575,2.18,2.960000000000491
1576,2.34,1.8600000000003547
1577,3.09,2.0299999999997453
1578,5.43,8.640000000000327
1579,2.79,4.9099999999998545
1580,3.24,1.9499999999993634
1581,2.18,3.4699999999998
1582,3.24,15.830000000000837
1583,6.55,3.549999999999045
1584,2.86,3.2200000000000273
1585,3.99,2.7100000000007185
1586,4.44,5.499999999999545
1587,3.84,2.119999999999891
1588,8.809999999999999,4.320000000000164
1589,2.79,2.7100000000007185
1590,2.79,3.3799999999996544
1591,4.97,4.8299999999994725
1592,4.9,4.490000000000691
1593,3.16,4.819999999999709
1594,3.24,8.8900000000001
1595,4.07,4.9099999999998545
1596,3.16,6.349999999999909
1597,3.09,4.9099999999998545
1598,4.9,5.4200000000003
1599,5.88,5.839999999999463
1600,4.52,17.100000000000364
1601,3.24,5.080000000000382
1602,2.79,4.9099999999998545
1603,3.69,4.660000000000082
1604,4.07,3.550000000000182
1605,5.88,1.7799999999988358
1606,2.79,2.7100000000007185
1607,2.49,3.0499999999994998
1608,3.31,3.2200000000000273
1609,7.08,3.550000000000182
1610,4.9,4.81253175275242
1611,4.14,2.880000000000109
1612,3.09,2.3699999999996635
1613,1.885,5.589999999999691
1614,5.465,2.2900000000004184
1615,2.68,7.3599999999999
1616,4.02,3.2200000000000273
1617,2.68,6.5199999999993
1618,2.24,4.9900000000002365
1619,2.24,2.880000000000109
1620,6.71,12.110000000000127
1621,4.02,1.8600000000003547
1622,3.58,3.1299999999998818
1623,4.02,3.6400000000003274
1624,4.47,4.569999999999936
1625,10.29,11.009999999999991
1626,2.24,4.8299999999994725
1627,5.8100000000000005,1.8600000000003547
1628,9.39,3.0499999999994998
1629,7.15,1.5200000000004366
1630,3.13,3.2999999999992724
1631,6.26,2.960000000000491
1632,7.15,2.2100000000000364
1633,4.02,1.6899999999998272
1634,4.02,2.960000000000491
1635,4.92,1.9499999999993634
1636,2.01,2.7899999999999636
1637,2.01,2.9700000000002547
1638,4.92,2.3699999999996635
1639,12.52,3.2100000000002638
1640,5.81,2.119999999999891
1641,4.02,2.200000000000273
1642,3.13,3.1299999999998818
1643,6.26,2.2900000000004184
1644,5.37,2.880000000000109
1645,7.15,4.9099999999998545
1646,4.47,2.4500000000000455
1647,1.79,2.799999999999727
1648,1.79,1.9399999999995998
1649,2.685,6.779999999999973
1650,7.154999999999999,3.810000000000855
1651,8.5,3.2999999999992724
1652,4.02,4.150000000000773
1653,4.47,4.399999999999409
1654,6.26,4.819999999999709
1655,5.81,3.5599999999999454
1656,31.75,5.2500000000009095
1657,4.47,1.349999999999909
1658,4.47,3.8999999999998636
1659,4.47,2.3699999999996635
1660,0.895,4.819999999999709
1661,0.895,5
1662,2.68,4.820000000000846
1663,2.24,6.949999999999363
1664,3.13,12.100000000000364
1665,1.79,5.4200000000003
1666,2.24,4.489999999999554
1667,4.92,4.320000000000164
1668,4.02,5.240000000000009
1669,1.565,5.079999999999245
1670,1.565,3.6400000000003274
1671,10.73,2.7100000000007185
1672,9.39,2.459999999999809
1673,2.68,2.619999999999436
1674,3.58,1.8700000000001182
1675,5.81,3.6400000000003274
1676,4.47,2.9599999999993543
1677,5.37,4.320000000000164
1678,3.13,3.3800000000007913
1679,5.81,9.47999999999979
1680,5.81,4.5799999999997
1681,4.92,4.9099999999998545
1682,7.15,6.599999999999682
1683,5.37,3.8900000000001
1684,42.92,3.140000000000782
1685,1.79,7.019999999999982
1686,2.24,3.809999999999718
1687,12.97,9.05999999999949
1688,2.24,3.4699999999998
1689,4.02,5
1690,1.79,6.2600000000009
1691,2.24,3.4699999999998
1692,2.68,11.860000000000355
1693,5.8100000000000005,16.41999999999939
1694,1.79,6.009999999999991
1695,3.13,2.880000000000109
1696,1.34,6.180000000000518
1697,1.34,2.619999999999436
1698,0.89,5.8400000000006
1699,1.34,3.5599999999999454
1700,2.24,2.539999999999054
1701,3.13,4.9900000000002365
1702,2.68,3.809999999999718
1703,3.58,3.6400000000003274
1704,6.26,3.8999999999998636
1705,4.02,3.1299999999998818
1706,3.13,2.540000000000191
1707,4.02,3.809999999999718
1708,3.13,12.620000000000573
1709,2.68,2.8700000000003456
1710,6.26,6.1799999999993815
1711,6.71,6.180000000000518
1712,3.58,3.0499999999994998
1713,4.47,6.180000000000518
1714,12.52,3.9799999999991087
1715,3.58,5.930000000000746
1716,4.47,9.389999999999645
1717,4.47,2.119999999999891
1718,4.47,2.030000000000882
1719,6.71,3.1299999999998818
1720,25.93,3.729999999999336
1721,7.15,2.7100000000007185
1722,9.39,2.539999999999054
1723,46.5,3.3000000000004093
1724,2.24,3.6400000000003274
1725,2.68,3.729999999999336
1726,1.79,6.090000000000373
1727,2.68,2.6300000000003365
1728,1.12,2.279999999999518
1729,1.12,2.960000000000491
1730,1.34,2.3699999999996635
1731,1.34,2.459999999999809
1732,1.34,2.620000000000573
1733,1.34,2.3699999999996635
1734,2.24,3.809999999999718
1735,3.58,3.310000000000173
1736,8.95,2.8700000000003456
1737,1.34,4.239999999999782
1738,3.13,2.540000000000191
1739,5.82,4.149999999999636
1740,2.68,6.180000000000518
1741,4.47,4.230000000000018
1742,2.24,4.399999999999409
1743,3.58,2.880000000000109
1744,3.58,4.830000000000609
1745,1.79,4.139999999999873
1746,2.68,6.689999999999827
1747,2.68,11.349999999999909
1748,1.79,14.470000000000027
1749,1.79,5.589999999999691
1750,2.24,4.400000000000546
1751,2.68,5.759999999999081
1752,4.02,6.180000000000518
1753,4.02,2.2900000000004184
1754,4.92,3.969999999999345
1755,19.67,3.140000000000782
1756,6.26,2.7899999999999636
1757,4.02,3.2999999999992724
1758,4.92,1.4999999999997726
1759,7.15,1.0700000000008458
1760,10.73,0.8999999999991815
1761,4.02,2.200000000000273
1762,2.905,2.039999999999509
1763,2.905,1.7500000000006821
1764,11.17,1.8600000000003547
1765,7.6,2.419999999999618
1766,3.58,1.8100000000004002
1767,2.24,2.599999999999909
1768,3.13,2.3699999999996635
1769,3.58,1.5200000000004366
1770,2.235,1.2399999999990996
1771,2.235,1.9200000000000728
1772,4.92,2.599999999999909
1773,3.13,2.540000000000191
1774,3.13,9.139999999999873
1775,2.68,4.230000000000018
1776,2.24,5.869999999999891
1777,2.68,6.970000000000027
1778,3.13,8.949999999999818
1779,2.68,9.430000000000973
1780,4.47,3.7799999999992906
1781,4.02,4.910000000000991
1782,4.02,3.609999999998763
1783,17,6.940000000000737
1784,4.47,2.0899999999994634
1785,2.68,4.400000000000546
1786,3.58,2.119999999999891
1787,7.6,4.059999999999491
1788,4.02,2.119999999999891
1789,3.13,3.6400000000003274
1790,4.92,2.960000000000491
1791,7.6,6.009999999999991
1792,2.68,1.6999999999995907
1793,4.47,5.080000000000382
1794,2.24,3.3799999999996544
1795,2.24,3.730000000000473
1796,4.02,5.670000000000073
1797,3.13,2.4500000000000455
1798,3.58,3.2200000000000273
1799,6.71,3.2200000000000273
1800,1.79,3.2999999999992724
1801,2.68,4.320000000000164
1802,2.24,7.110000000000127
1803,2.24,6.180000000000518
1804,1.79,2.3699999999996635
1805,4.02,9.139999999999873
1806,3.13,1.6999999999995907
1807,3.13,3.7200000000007094
1808,2.68,7.3699999999996635
1809,3.13,9.3100000000004
1810,4.02,6.429999999999154
1811,2.01,8.810000000000855
1812,2.01,4.6499999999991815
1813,3.58,15.750000000000455
1814,4.02,4.9900000000002365
1815,6.26,3.389999999999418
1816,3.13,6.440000000000055
1817,2.68,2.280000000000655
1818,2.24,4.149999999999636
1819,3.13,3.2999999999992724
1820,4.02,4.400000000000546
1821,7.6,3.730000000000473
1822,3.13,2.539999999999054
1823,2.68,2.7899999999999636
1824,3.13,1.8600000000003547
1825,3.13,2.540000000000191
1826,3.13,4.750000000000227
1827,3.58,2.9599999999993543
1828,3.13,4.230000000000018
1829,3.13,3.4699999999998
1830,3.13,2.7100000000007185
1831,3.13,4.569999999999936
1832,3.13,4.740000000000464
1833,5.81,5.589999999999691
1834,3.13,5.839999999999463
1835,4.92,7.110000000000127
1836,7.15,5
1837,3.13,6.689999999999827
1838,3.58,5.919999999999845
1839,3.13,6.270000000000664
1840,2.68,3.6400000000003274
1841,4.02,3.9799999999991087
1842,2.68,6.520000000000437
1843,3.13,5.499999999999545
1844,2.23,6.940000000000737
1845,3.58,6.9399999999996
1846,3.13,2.880000000000109
1847,3.58,5.499999999999545
1848,5.36,10.25000000000091
1849,2.23,8.039999999999736
1850,2.23,8.210000000000264
1851,4.02,5.169999999999391
1852,5.36,8.799999999999955
1853,3.13,8.30000000000041
1854,3.58,20.819999999999936
1855,2.68,5.080000000000382
1856,3.58,8.299999999999272
1857,2.68,2.540000000000191
1858,2.23,6.9399999999996
1859,6.699999999999999,5.590000000000828
1860,3.13,4.059999999999491
1861,3.58,6.520000000000437
1862,4.92,2.9700000000002547
1863,4.47,4.309999999999263
1864,3.58,2.799999999999727
1865,1.79,5.080000000000382
1866,3.13,3.4699999999998
1867,2.68,5.500000000000682
1868,4.02,7.279999999999518
1869,4.02,5.500000000000682
1870,2.68,5
1871,4.02,4.6499999999991815
1872,4.02,8.129999999999882
1873,3.13,2.800000000000864
1874,4.02,6.679999999998927
1875,4.02,1.9500000000005002
1876,3.58,9.650000000000318
1877,4.92,6.269999999999527
1878,3.58,4.0600000000006276
1879,4.02,12.189999999999372
1880,2.68,11.430000000000291
1881,5.81,2.3699999999996635
1882,1.79,9.47999999999979
1883,2.23,3.4699999999998
1884,2.68,3.0500000000006366
1885,2.68,4.400000000000546
1886,4.02,5.169999999999391
1887,2.68,3.3000000000004093
1888,2.68,4.149999999999636
1889,4.47,4.490000000000691
1890,2.68,2.3699999999996635
1891,4.02,2.199999999999136
1892,3.58,1.8600000000003547
1893,2.68,2.7100000000007185
1894,2.23,1.9499999999993634
1895,2.23,3.7200000000007094
1896,2.01,7.449999999998909
1897,2.01,4.230000000000018
1898,4.47,2.200000000000273
1899,3.13,2.459999999999809
1900,3.13,4.490000000000691
1901,3.58,4.059999999999491
1902,4.02,7.030000000000882
1903,3.13,7.870000000000346
1904,3.13,5.329999999999018
1905,5.36,4.739999999999327
1906,1.79,8.050000000000637
1907,3.13,5.8400000000006
1908,3.58,7.449999999998909
1909,4.47,3.220000000001164
1910,3.13,3.969999999999345
1911,4.02,9.490000000000691
1912,1.79,4.059999999999491
1913,2.68,3.0500000000006366
1914,4.92,3.2199999999988904
1915,9.89,4.819999999999709
1916,4.05,3.220000000001164
1917,56.21,2.3699999999985266
1918,2.7,2.62000000000171
1919,2.7,3.049999999998363
1920,4.5,5
1921,4.5,2.0299999999997453
1922,4.05,2.540000000001328
1923,3.15,8.799999999998818
1924,2.7,3.730000000000473
1925,2.25,3.2100000000014006
1926,3.6,12.279999999998381
1927,2.7,3.810000000000855
1928,4.05,4.659999999998945
1929,3.15,6.770000000001346
1930,4.95,8.209999999999127
1931,2.7,2.7899999999999636
1932,1.8,3.0500000000006366
1933,2.7,6.769999999999072
1934,2.7,2.7099999999995816
1935,3.6,6.610000000000582
1936,4.05,3.6400000000003274
1937,1.8,9.900000000000091
1938,2.25,3.4699999999998
1939,2.25,3.810000000000855
1940,3.6,3.5599999999999454
1941,4.95,2.7099999999995816
1942,2.7,3.4699999999998
1943,4.05,4.059999999999491
1944,2.25,1.7800000000011096
1945,4.05,2.539999999999054
1946,3.15,4.320000000000164
1947,5.85,4.9900000000002365
1948,7.64,3.4699999999998
1949,5.85,3.730000000000473
1950,2.25,3.1300000000010186
1951,3.15,2.3699999999985266
1952,3.15,4.059999999999491
1953,3.15,6.020000000000891
1954,4.5,3.1300000000010186
1955,4.05,8.379999999999654
1956,5.4,6.519999999998163
1957,8.09,6.770000000001346
1958,2.25,12.52999999999929
1959,2.25,5
1960,4.5,6.09000000000151
1961,2.7,16.089999999999236
1962,3.15,2.8700000000003456
1963,4.05,7.200000000000273
1964,4.05,7.699999999999818
1965,4.5,4.149999999999636
1966,10.79,4.8299999999994725
1967,2.25,12.100000000000364
1968,3.6,6.0999999999989996
1969,4.05,6.349999999999909
1970,5.85,7.870000000000346
1971,2.7,2.9700000000002547
1972,3.15,2.1100000000001273
1973,2.7,3.9799999999991087
1974,6.75,2.3700000000008004
1975,5.85,2.539999999999054
1976,4.05,2.2900000000004184
1977,8.09,5.420000000001437
1978,5.85,3.3799999999996544
1979,6.3,3.9799999999991087
1980,3.15,3.1300000000010186
1981,2.25,2.9700000000002547
1982,2.25,1.4400000000000546
1983,2.7,2.8700000000003456
1984,2.7,2.459999999998672
1985,3.15,4.739999999999327
1986,5.4,2.62000000000171
1987,3.6,3.5599999999999454
1988,2.7,5.499999999999545
1989,1.35,6.779999999998836
1990,3.15,6.260000000002037
1991,3.6,7.199999999997999
1992,0.9,12.440000000001419
1993,0.9,3.730000000000473
1994,2.25,3.7199999999984357
1995,2.025,6.1799999999993815
1996,2.025,4.230000000002292
1997,1.8,6.1799999999993815
1998,5.85,6.1799999999993815
1999,3.15,16.849999999999454
2000,3.6,12.019999999999982
2001,3.6,8.4699999999998
2002,2.7,18.710000000000946
2003,0.9,6.769999999999072
2004,0.9,5.589999999999691
2005,2.25,2.880000000000109
2006,2.7,2.4500000000011823
2007,4.95,2.119999999999891
2008,4.5,2.119999999999891
2009,6.3,3.4699999999998
2010,2.7,4.570000000001073
2011,1.8,4.4899999999984175
2012,3.6,2.3700000000008004
2013,3.6,2.1100000000001273
2014,4.5,1.7799999999988358
2015,2.25,2.7899999999999636
2016,2.7,6.100000000001273
2017,1.35,3.726121930565114
2018,1.35,6.350000000002183
2019,2.25,3.6399999999980537
2020,5.4,2.880000000000109
2021,3.6,4.650000000001455
2022,1.35,4.069999999999254
2023,8.99,7.110000000000127
2024,5.85,4.480000000000928
2025,5.85,3.8999999999987267
2026,2.7,3.3799999999996544
2027,4.95,2.9700000000002547
2028,4.05,5.750000000000455
2029,4.05,5.589999999999691
2030,1.8,3.730000000000473
2031,2.7,6.520000000000437
2032,2.25,5.749999999998181
2033,3.15,8.300000000001546
2034,4.95,7.190000000000509
2035,3.6,4.069999999999254
2036,2.7,3.7200000000007094
2037,4.95,6.440000000000055
2038,4.95,6.599999999998545
2039,3.6,7.200000000000273
2040,3.6,5.750000000000455
2041,4.5,10.760000000000218
2042,6.75,10.750000000000455
2043,5.4,5.249999999998636
2044,2.25,9.049999999999727
2045,2.25,2.880000000000109
2046,2.25,6.520000000000437
2047,3.15,4.9099999999998545
2048,2.25,5.340000000001055
2049,1.35,4.9099999999998545
2050,1.35,4.5699999999987995
2051,2.7,2.540000000001328
2052,4.05,2.539999999999054
2053,6.3,3.550000000000182
2054,4.05,1.7800000000011096
2055,4.05,1.3599999999996726
2056,5.4,1.430000000000291
2057,4.05,2.969999999997981
2058,4.05,3.9800000000013824
2059,4.95,2.1100000000001273
2060,3.15,1.9499999999993634
2061,2.7,1.9499999999993634
2062,1.8,2.540000000001328
2063,5.4,3.9799999999991087
2064,1.8,6.349999999999909
2065,1.8,3.969999999999345
2066,3.6,5.850000000000364
2067,3.6,3.890000000001237
2068,3.6,5.329999999999018
2069,1.8,4.490000000000691
2070,1.8,3.2199999999988904
2071,3.15,5.160000000000764
2072,19.79,3.0500000000006366
2073,4.5,8.299999999999272
2074,3.15,7.619999999999436
2075,5.85,12.019999999999982
2076,3.15,17.44000000000142
2077,3.15,12.019999999999982
2078,4.05,4.739999999999327
2079,3.15,4.9900000000002365
2080,2.25,5.2500000000009095
2081,1.125,3.9799999999991087
2082,1.125,5.670000000000073
2083,6.75,10.499999999999545
2084,3.15,6.610000000000582
2085,3.15,8.799999999998818
2086,2.25,8.550000000000182
2087,3.6,10.240000000001146
2088,3.6,3.309999999999036
2089,2.25,4.400000000000546
2090,3.6,4.149999999999636
2091,3.15,5.160000000000764
2092,1.8,1.610000000000582
2093,3.15,1.6099999999983083
2094,2.25,2.1100000000001273
2095,3.15,1.610000000000582
2096,2.7,1.9499999999993634
2097,2.25,1.1900000000014188
2098,2.7,1.5199999999981628
2099,4.05,2.030000000002019
2100,1.8,1.5199999999981628
2101,6.75,2.799999999999727
2102,1.8,1.610000000000582
2103,2.7,5.2500000000009095
2104,2.7,2.280000000000655
2105,4.5,4.31999999999789
2106,5.85,3.810000000000855
2107,3.15,3.220000000001164
2108,1.35,4.5699999999987995
2109,4.050000000000001,3.7200000000007094
2110,3.6,3.8999999999987267
2111,2.7,3.4699999999998
2112,3.6,2.7899999999999636
2113,5.85,4.570000000001073
2114,7.199999999999999,5.419999999999163
2115,2.25,3.810000000000855
2116,2.7,4.9099999999998545
2117,2.25,4.069999999999254
2118,4.95,3.4699999999998
2119,4.5,4.139999999999873
2120,3.6,6.100000000001273
2121,3.6,4.8299999999994725
2122,2.7,4.230000000000018
2123,4.05,4.739999999999327
2124,6.3,5.2500000000009095
2125,2.7,8.550000000000182
2126,3.15,6.430000000000291
2127,4.5,6.949999999999363
2128,2.25,9.049999999999727
2129,2.25,12.450000000001182
2130,3.6,8.0399999999986
2131,4.95,5.3300000000012915
2132,2.25,8.129999999998745
2133,2.25,8.550000000000182
2134,3.15,6.180000000001655
2135,2.7,5.419999999999163
2136,8.99,3.129999999998745
2137,1.8,4.410000000000309
2138,1.35,3.3799999999996544
2139,2.7,10.579999999999927
2140,4.05,4.15000000000191
2141,2.25,8.299999999999272
2142,3.6,5.080000000000382
2143,3.15,7.789999999999964
2144,4.05,8.550000000000182
2145,2.25,13.540000000000418
2146,3.15,7.709999999999582
2147,4.05,2.7099999999995816
2148,3.15,21.669999999999163
2149,5.4,3.1300000000010186
2150,3.15,4.5699999999987995
2151,2.25,3.220000000001164
2152,3.6,5.249999999998636
2153,2.25,1.7800000000011096
2154,5.4,1.1799999999993815
2155,5.4,3.300000000001546
2156,3.15,2.6299999999991996
2157,2.7,3.129999999998745
2158,4.05,3.0500000000006366
2159,2.7,1.8599999999992178
2160,3.6,2.7900000000022374
2161,8.99,3.729999999998199
2162,2.7,2.880000000000109
2163,6.75,5.920000000000982
2164,4.5,3.1399999999985084
2165,8.99,7.190000000000509
2166,2.25,14.139999999999873
2167,1.8,4.660000000001219
2168,1.8,9.729999999999563
2169,2.7,8.72000000000071
2170,4.05,2.359999999998763
2171,3.6,1.9399999999995998
2172,4.5,5.5100000000015825
2173,2.25,3.6400000000003274
2174,3.6,3.550000000000182
2175,3.15,3.2999999999992724
2176,3.15,6.779999999998836
2177,2.25,2.960000000000491
2178,3.15,2.7099999999995816
2179,1.8,4.490000000000691
2180,1.8,4.3100000000004
2181,3.15,3.9799999999991087
2182,4.05,3.6400000000003274
2183,2.25,3.9000000000010004
2184,2.7,3.889999999998963
2185,3.6,4.400000000000546
2186,2.7,8.299999999999272
2187,5.4,3.1300000000010186
2188,2.7,15.579999999999927
2189,4.05,4.230000000000018
2190,4.05,4.149999999999636
2191,4.05,1.7799999999988358
2192,4.95,3.380000000001928
2193,3.15,4.4099999999980355
2194,5.85,2.960000000000491
2195,6.75,2.7899999999999636
2196,6.3,3.1300000000010186
2197,15.74,1.7799999999988358
2198,4.05,3.5599999999999454
2199,5.4,3.1300000000010186
2200,7.2,1.3599999999996726
2201,9.89,1.6000000000008185
2202,7.64,4.739999999999327
2203,4.95,2.119999999999891
2204,4.5,4.5699999999987995
2205,6.3,1.7800000000011096
2206,7.64,7.699999999999818
2207,5.4,2.6299999999991996
2208,5.4,8.460000000000036
2209,8.09,3.6400000000003274
2210,8.54,8.640000000000327
2211,5.85,7.450000000001182
2212,5.85,12.439999999999145
2213,8.99,11.089999999999236
2214,5.4,14.139999999999873
2215,8.54,16.43000000000029
2216,10.79,6.510000000000673
2217,7.2,7.789999999999964
2218,6.75,7.539999999999054
2219,6.3,4.3100000000004
2220,5.4,5.340000000001055
2221,4.05,8.289999999999509
2222,4.5,16.510000000000673
2223,13.94,6.68999999999869
2224,3.6,22.100000000000364
2225,3.6,11.259999999999764
2226,3.15,8.2100000000014
2227,10.34,11.5099999999984
2228,4.95,4.490000000000691
2229,10.34,23.6200000000008
2230,3.6,11.169999999999618
2231,3.17,14.389999999998508
2232,2.26,12.019999999999982
2233,3.17,6.020000000000891
2234,2.26,6.430000000000291
2235,2.72,3.810000000000855
2236,3.17,4.659999999998945
2237,4.98,2.7899999999999636
2238,7.24,1.269999999999527
2239,4.98,8.630000000000564
2240,2.72,14.480000000000928
2241,3.62,11.769999999999072
2242,4.98,23.019999999999072
2243,2.72,34.38000000000102
2244,3.17,27.760000000000673
2245,3.17,30.5600000000004
2246,4.53,36.14999999999782
2247,4.53,27.5200000000018
2248,4.98,13.709999999998672
2249,5.43,21.080000000001746
2250,2.26,23.95999999999958
2251,3.17,67.80999999999949
2252,3.62,14.390000000000782
2253,2.72,9.139999999999873
2254,2.26,5.419999999999163
2255,1.81,30.650000000000546
2256,4.53,1.349999999999909
2257,1.81,31.159999999999854
2258,1.36,9.819999999999709
2259,2.72,8.800000000001091
2260,4.08,16.259999999999764
2261,2.72,30.219999999999345
2262,28.98,22.01000000000022
2263,4.53,10.919999999998709
2264,4.08,15.489999999999782
2265,3.17,6.860000000001492
2266,3.62,19.049999999999727
2267,4.53,14.049999999999727
2268,3.62,8.72000000000071
2269,5.89,14.900000000000091
2270,5.89,5.079999999998108
2271,8.15,29.21000000000049
2272,5.89,24.21000000000049
2273,6.79,2.1100000000001273
2274,5.43,6.610000000000582
2275,14.04,12.7800000000002
2276,4.08,6.0999999999989996
2277,7.7,11.340000000000146
2278,4.98,26.50000000000091
2279,5.43,14.9799999999982
2280,9.51,17.44000000000142
2281,9.06,13.289999999999509
2282,4.98,12.19000000000051
2283,4.08,18.28999999999951
2284,5.43,10.750000000000455
2285,9.96,8.550000000000182
2286,9.96,8.129999999998745
2287,6.79,13.040000000000873
2288,7.24,5.499999999999545
2289,4.08,1.8599999999992178
2290,4.98,4.660000000001219
2291,3.17,5.589999999999691
2292,3.62,5.499999999999545
2293,4.08,2.200000000000273
2294,5.89,6.860000000001492
2295,5.43,10.319999999999254
2296,2.72,18.209999999999127
2297,4.08,10.66000000000031
2298,4.08,7.3700000000008
2299,35.77,8.129999999998745
2300,12.68,8.630000000000564
2301,3.62,16.510000000000673
2302,1.36,3.2199999999988904
2303,4.08,4.740000000001601
