depth (cm),age (yr BP) 2.5%,age (yr BP) 50%,age (yr BP) 97.5%
62,23.792163543441227,24.792163543441227,25.792163543441227
63,26.164556962025316,27.164556962025316,28.164556962025316
64,27.576177285318547,28.576177285318547,29.576177285318547
65,30.158953722334015,31.158953722334015,33.15895372233401
66,31.234393878372934,32.234393878372934,34.234393878372934
67,31.637132501006846,32.637132501006846,34.637132501006846
68,32.219026548672574,33.219026548672574,35.219026548672574
69,33.79581795817958,34.79581795817958,36.79581795817958
70,34.71039182282794,36.420783645655874,38.420783645655874
71,36.088607594936725,38.088607594936725,40.088607594936725
72,39.145687645687644,41.145687645687644,43.14932983682983
73,40.984870848708475,42.98523985239851,45.970479704797015
74,41.882196634189555,44.836408364083645,47.836408364083645
75,44.25830258302583,47.25830258302583,50.25830258302583
76,45.096456692913385,48.11130039750142,51.11130039750142
77,45.588582677165356,48.67915956842703,51.67915956842703
78,46.64254062038406,50.403940886699516,53.80788177339901
79,48.224734656206735,52.224734656206735,56.224734656206735
80,48.686202122750345,52.686202122750345,56.686202122750345
81,49.506329113924046,53.506329113924046,57.50632911392406
82,50.895833333333336,54.895833333333336,58.895833333333336
83,51.830708661417326,56.047091412742375,60.04709141274241
84,55.12306161231865,59.883656509695285,64.7673130193906
85,58.62025316455695,63.620253164556914,68.62500000000003
86,63.362831858407056,68.36283185840705,73.36283185840705
87,66.85126582278478,71.85126582278478,76.85126582278482
88,68.2745727853115,73.44375553587244,78.44375553587246
89,68.85235661555934,74.58860759493669,79.58860759493673
90,71.10928571428572,77.1092857142857,82.21969852165844
91,71.82357142857144,77.82357142857141,83.56941429977502
92,73.29802955665026,79.2980295566502,85.2980295566502
93,76.36725663716814,82.14139693356047,88.36725663716807
94,78.99798792756538,84.45756457564576,90.99798792756536
95,80.53645833333333,86.04965343229657,92.53645833333333
96,81.95003692762185,87.57041629760849,93.95125553914326
97,83.3081986834231,88.9728370221328,95.95018450184502
98,83.90664272890484,89.90664272890486,96.86182462356066
99,85.54947916666666,91.47711124748656,98.33397497593839
100,87.70637119113574,93.70637119113583,100.70637119113574
101,89.51973051010586,95.51973051010584,102.25986525505294
102,90.73865147039076,96.4842286802781,103.34121122599706
103,93.29673848299925,99.07421875000001,106.07421875000001
104,94.49233390119252,100.49233390119252,107.49233390119252
105,95.48581314878894,101.63435039370079,108.48581314878894
106,96.33463541666667,102.33463541666669,109.33463541666667
107,98.08329321136254,104.08329321136254,111.08329321136254
108,98.564756860857,104.56475686085702,111.564756860857
109,99.15189873417722,105.15189873417725,112.15189873417722
110,101.14285714285717,107.28571428571426,114.14285714285715
111,103.5719557195572,109.57195571955725,116.57195571955722
112,105.16066481994457,111.16066481994461,118.16066481994461
113,107.34241908006808,113.34241908006818,120.34241908006818
114,109.32915154739409,116.11772853185599,123.2575138504155
115,111.53618906942394,117.53618906942397,125.38291139240506
116,113.91814159292034,119.91814159292038,126.97305727426284
117,114.53322259136212,120.82027257240206,127.83809632287605
118,115.57902250232206,122.21745152354572,130.21745152354572
119,117.29778672032202,124.148893360161,132.148893360161
120,119.79197787125987,125.79916897506926,133.79916897506925
121,120.82086801236557,127.7104430379747,135.7104430379747
122,121.69433475551142,128.56539792387542,136.56539792387545
123,122.94279638656737,129.78481012658227,137.7848101265823
124,124.39114391143912,131.39114391143912,139.39114391143912
125,126.06249999999991,132.5379746835443,140.5379746835443
126,127.06731620903454,134.06731620903454,142.06731620903454
127,127.95305580159433,134.95305580159433,142.95305580159433
128,129.2282793867121,136.22827938671207,144.2282793867121
129,131.25912004661998,137.63752913752913,145.63752913752913
130,131.91876748783454,138.838199513382,146.85915450121655
131,133.46569343065693,140.46569343065693,149.46569343065684
132,134.87264985622647,141.77128953771287,150.77128953771285
133,136.4625144175317,143.4625144175317,152.4625144175317
134,137.97445255474452,144.97445255474452,153.97445255474452
135,139.46715328467153,146.46715328467147,155.46715328467153
136,140.28195937873357,147.28195937873357,156.28195937873357
137,140.68020708880923,147.68020708880923,156.68020708880923
138,142.4379562043796,148.71897810218968,157.71897810218968
139,144.38276122396334,150.38670694864047,159.38670694864044
140,145.12579098356775,151.20591456736034,160.1390412169963
141,146.20614035087706,152.60307017543857,161.21774115347893
142,147.94463667820065,153.94463667820068,162.94463667820068
143,149.22754943108183,155.70422535211264,164.70422535211264
144,149.73866530820175,156.61253776435044,165.61253776435044
145,151.170103406326,157.59245742092457,166.59245742092457
146,152.17171502145732,158.76701268742792,167.7746355681605
147,152.5701411316885,159.28653500897667,168.28893742527003
148,153.27716622897665,159.6456014362657,168.64679478547635
149,153.7301057619621,160.01361256544502,169.01361256544502
150,154.40342493030664,161.07435897435897,170.07621794871793
151,155.35824742268042,162.35824742268042,171.36361370709625
152,157,164,173.02499999999998
153,158.88864442388692,165.68634064080948,175.06921634572078
154,160.141652613828,167.141652613828,176.14519392917376
155,161.6699317213372,168.67260273972605,177.6772479792898
156,162.6949771689498,170.33466135458173,179.71096927359054
157,165.5830550248613,173.14794520547937,182.5990923298121
158,168.17223925803296,175.5592783505154,184.7627281021898
159,169.1721439749609,177.17214397496093,187.1721439749609
160,170.60695876288662,178.60695876288665,188.6069587628866
161,171.89561855670104,179.89561855670107,189.89561855670104
162,173.37649402390437,181.37649402390448,191.37649402390443
163,174.88530927835052,182.88530927835055,192.88530927835052
164,175.94994786235662,183.94994786235668,193.94994786235665
165,178.07768924302786,186.15537848605572,196.07768924302798
166,180.22627737226276,188.41985926505083,198.22627737226279
167,181.3766423357664,189.7402676399027,199.3766423357665
168,182.516014602137,190.8603769860212,200.52281021897812
169,183.40185341196292,191.68900569426194,201.40903221902045
170,184.79889807162527,192.95290322580644,202.81887052341622
171,186.55052264808361,194.7054794520548,205.1122822299652
172,188.10274505234983,196.23429541595934,207.11714770797965
173,189.24439531057183,197.7058823529412,208.26057178116002
174,189.8439534188474,198.7961269499731,208.80398112916498
175,191.0588235294118,201.02714164546225,211.05882352941174
176,192.7685039370079,202.5370078740158,212.7685039370079
177,194.98233995584994,204.96467991169973,214.98233995584994
178,196.29881154499154,206.29881154499142,216.29881154499148
179,197.71936274509807,207.71936274509798,217.31857492997202
180,198.70863970588238,208.56295955882354,218.42456341911782
181,199.6277573529412,209.3863122171946,219.62775735294113
182,200.87500000000003,210.45247148288973,220.87499999999991
183,202.29411764705887,211.5882352941177,222.29411764705875
184,203.8039215686275,213.60784313725497,223.8039215686274
185,205.14285714285714,214.55241312444366,225.1428571428571
186,206.2124248496994,216.08060836501897,226.21242484969935
187,207.74387254901956,217.54134430802992,227.74387254901956
188,208.72446486928095,219.20949957591176,229.72647058823517
189,210.26913827655292,221.0365788058096,231.43949162445398
190,211.83020814875178,222.30607853684776,233.41838235294117
191,212.8438439816696,223.20038350910835,234.4188376753507
192,214.3980795507179,225.19851911893358,236.26141732283463
193,215.90152801358232,226.7398913333733,237.90152801358232
194,217.81433823529412,228.81433823529386,239.81433823529423
195,219.21323529411768,230.2132352941175,241.21323529411768
196,220.7902869757175,231.58057395143493,242.7902869757176
197,222.49632352941182,233.49632352941148,245.49632352941168
198,223.76260504201682,234.76260504201673,246.76260504201682
199,224.81302521008405,235.81302521008394,247.81302521008405
200,226.23774509803928,237.2377450980391,249.47549019607803
201,228.1082164328658,239.10821643286573,252.1082164328658
202,230.76096264367817,241.58333333333331,254.4739424165252
203,232.3200339558574,243.32003395585738,255.65706706281833
204,233.4392935982341,244.43929359823397,257.43929359823386
205,234.9675745784695,245.96757457846948,258.96757457846957
206,236.50084889643472,247.5008488964346,260.50084889643466
207,238.04414261460104,249.04414261460104,262.04414261460107
208,239.875751503006,250.875751503006,263.87743308307796
209,242.10466961031676,253.10620689655173,266.23475862068966
210,243.34986109591966,254.35305917753263,268.3530591775325
211,244.30211242739347,255.62665489849957,269.2065792240896
212,245.62491868408014,257.3264705882353,270.6697794117647
213,246.70298313878095,258.70298313878084,272.6016186961166
214,248.15449915110366,260.1544991511036,274.1544991511035
215,249.009681372549,261.0049019607843,275.00490196078425
216,250.58472440944888,262.296062992126,276.2960629921259
217,252.50644827586189,263.7627586206897,277.76275862068957
218,253.3224863368263,264.7028862478778,278.7028862478777
219,253.74116661723414,265.5122143420016,279.5122143420016
220,254.76352705410824,266.76352705410824,280.7635270541081
221,256.52827586206894,268.528275862069,283.52827586206894
222,257.96764705882356,269.96764705882356,284.9676470588235
223,261.0250344548814,273.1441176470589,288.2882352941175
224,261.78275589671034,274.7111334002006,290.71113340020054
225,263.1221434200157,276.12214342001585,291.57509850275795
226,265.504244482173,278.5042444821733,294.50424448217353
227,266.51616802659413,279.5161680265942,295.2645361136295
228,267.12058023572075,280.12058023572075,296.1205802357207
229,267.7249924448474,280.7249924448474,296.7249924448474
230,269.0921843687375,282.09218436873743,298.09448897795585
231,271.4061810154525,284.4061810154525,300.1750442312687
232,273.2119205298012,286.21192052980115,301.225830822851
233,275.21854304635747,288.16126732149803,302.65583349312635
234,277.5404411764704,290.17073170731703,305.08312858680074
235,279.4447637795274,292.2251968503938,307.45039370078734
236,280.04358620689635,293.47867647058825,309.01242387025667
237,281.4867235232128,294.98811544991514,310.13276375196006
238,282.3339225698093,295.89034482758626,310.91159360706405
239,283.15452538631354,297.1545253863137,312.15452538631354
240,285.1122244488979,299.16833667334663,314.11503006012043
241,288.23872322591933,302.24248496993994,318.0957769531459
242,289.7622549019608,303.7622549019608,318.9066724111205
243,290.4806201550387,304.48062015503876,319.48316100607894
244,291.0787447006695,305.1422271223815,320.14222712238154
245,291.74523491619976,306.37691001697794,321.376910016978
246,293.33088235294105,308.3308823529411,323.3308823529413
247,294.53989813242777,309.5398981324278,324.5533955857386
248,295.5049614112458,310.50496141124586,325.7902840417853
249,297.00866373842103,312.0409448818898,327.0674448767835
250,297.5631262525052,313.1688810546219,329.12625250501003
251,298.6539734665748,314.53893866299103,330.5415366249877
252,299.8707108839976,315.87184873949576,332.46810154525406
253,301.3573529411766,317.71470588235303,333.7307720588237
254,303.2352941176475,319.47058823529414,336.23529411764696
255,305.7647058823529,321.83193277310926,338.7647058823528
256,307.6833667334669,323.6833667334671,340.3746492985973
257,309.0196039880424,325.0197869101979,342.01013712235556
258,309.77360352813633,325.7808219178083,342.5671232876712
259,310.9215629053177,326.9234760051881,343.4273662259949
260,312.7277491644248,329.0951724137931,345.1201724137935
261,315.6606544604593,331.682119205298,348.6821192052978
262,317.5262745098038,333.5490196078432,350.5490196078431
263,319.0055867796849,335.0677165354331,352.067716535433
264,319.7133442453481,336.5,353.5
265,320.09819207165367,338.06838235294117,355.06838235294117
266,320.5987705440857,338.80367647058824,355.80367647058824
267,321.1482850081025,339.1757793764988,356.1757793764988
268,321.3741737296343,339.415587529976,356.415587529976
269,321.6000624511661,339.65539568345326,356.65539568345326
270,321.8259511726979,339.8952038369305,356.8952038369305
271,322.8235294117647,341.8235294117647,358.8235294117644
272,327.0514705882352,346.0514705882352,363.03139705882353
273,329.55978094362746,348.41789215686276,364.64661458333364
274,331.507014028056,350.6809338521401,367.5070140280562
275,332.9064566840407,352.3278236914604,369.33601928374685
276,334.28754022988505,354.2924137931036,371.29723985750354
277,335.2683220318349,355.3358620689656,372.3358620689655
278,335.86050397352517,356.14829659318673,373.148296593187
279,338.07723703790725,359.1443123938881,376.1693123938882
280,338.9971612802811,360.99398797595205,378.01898797595226
281,341.1949189374054,363.09453781512616,380.1986754966893
282,342.8326453798182,364.4530583214795,382.27655310621276
283,344.42463235294156,366.42463235294167,384.42463235294167
284,346.4736842105266,368.4736842105268,386.4736842105265
285,348.1043661023892,370.11022044088224,388.11022044088213
286,349.91897283531455,371.94397283531447,389.94397283531447
287,351.5020752269782,373.5084306095984,391.5084306095984
288,353.60000000000014,375.6250000000001,393.6250000000003
289,355.34437086092737,377.93995909622174,395.3508284790367
290,357.31250000000006,380.3125000000001,397.57724957555223
291,358.69421487603324,382.69421487603313,399.6942148760334
292,363.0177006141576,386.02705410821727,403.22744387518986
293,365.041225165563,388.0662251655635,406.06622516556325
294,366.4027850610109,389.5532118887825,407.4139547637915
295,367.26929133858266,391.26929133858295,408.5350701402806
296,370.2368296529968,393.2618296529972,410.26182965299745
297,371.51872747074367,395.1605392156863,412.1605392156865
298,372.3658536585367,396.2573529411766,413.36585365853676
299,374.20088300220766,397.4790692767174,415.2008830022079
300,376.36555142913676,399.3707414829664,417.3707414829664
301,377.52866141732284,401.0803149606302,419.08031496063035
302,378.3823529411766,402.3823529411766,420.38235294117663
303,379.3904756433825,403.72406181015475,421.7240618101548
304,381.0238970588238,406.0238970588236,423.5042167936808
305,384.34250469490786,409.34899328859035,427.3489932885907
306,385.8557453416151,410.8807453416148,428.8807453416149
307,387.4998962802168,412.7686567164177,430.76865671641787
308,388.8838894603788,414.84576133827323,432.8203824626865
309,391.39664804469277,417.87150837988906,436.87150837988884
310,392.59208237803864,420.0373134328363,439.03731343283636
311,393.87182110019023,421.80657894736856,440.8065789473687
312,395.6731343283583,423.6731343283583,441.69813432835826
313,397.8309488272921,426.6094527363184,444.609452736319
314,399.98657718120825,428.98657718120813,446.9865771812084
315,401.1398601398603,429.61777501553775,448.13986013986016
316,402.29706790123464,430.984780662489,449.9577114427862
317,404.0446841284453,433.18089430894366,451.37929875918365
318,406.21577181208085,435.2348993288596,453.2449214143285
319,408.02996499443043,437.5203252032524,456.040650406505
320,410.89892573295697,440.9082774049218,458.9345047923328
321,412.4943099035507,443.21215351812384,461.4995357445396
322,414.11000252399265,444.46937573616026,464.15946961104066
323,415.18652219559635,445.30182926829343,464.7711027973676
324,416.352510818717,447.35283993115365,466.6197020169038
325,418.63917910447776,449.6641791044782,468.66417910447825
326,421.17438175617,452.44589552238835,471.4708955223886
327,422.11564075595186,454.3034825870651,473.6096699867915
328,423.62979020979077,456.31888111888134,475.63776223776256
329,425.20394736842127,458.20394736842127,477.4256873375576
330,426.73232797985617,459.73694029850776,478.90577062603666
331,429.47233231707344,463.01829268292687,482.52187500000014
332,431.0996442161344,465.27777777778,484.9414938933574
333,432.76235198586653,467.77265500794977,488.772655007949
334,433.5679513103129,469.1806282722518,489.59295131031274
335,434.9355396346559,470.8329621380854,490.8579621380854
336,437.8440594059412,473.8440594059412,494.84405940594064
337,439.7255343276609,475.7325905292482,496.7325905292484
338,441.86538075793413,478.2592592592595,499.5185185185185
339,444.8781072611334,481.21997296751476,502.3437673748431
340,446.97284756294647,483.9554455445555,504.9554455445555
341,448.2138442521635,485.42768850432697,506.2138442521636
342,449.0778942863258,486.0778942863258,507.0778942863258
343,449.29188957842933,486.2918895784294,507.29188957842933
344,449.5058848705329,486.50588487053295,507.50588487053295
345,449.71988016263646,486.7198801626365,507.7198801626365
346,449.93387545474,486.9338754547401,507.9338754547401
347,452.037861915368,489.03786191536807,510.037861915368
348,454.45682451253526,491.4568245125354,512.2490134805695
349,457.0734951613772,494.1614100185532,514.1614100185537
350,459.2038216560526,496.8273580542775,517.2038216560511
351,461.94877505567985,498.96158129176035,519.9487750556793
352,463.48720800889913,500.48720800889936,520.6992471014479
353,464.8474919553153,501.8569157392697,521.8594043116805
354,466.4209482425906,503.4991440690809,523.4411452810184
355,468.01315580286206,505.03815580286243,525.0381558028624
356,469.56105341246337,506.5860534124636,526.5860534124635
357,471.48845040764223,508.8830083565472,528.883008356547
358,474.5518518518531,512.5518518518527,532.5518518518533
359,478.2737012987018,515.1558567279773,535.2987012987021
360,480.4575756253648,516.8525784235337,537.4740740740755
361,482.529655870446,518.5546558704464,538.8148868049249
362,484.7729452054801,520.7979452054801,540.7979452054802
363,487.41574074074197,523.4407407407425,543.4407407407424
364,490.14908906882664,526.1740890688266,546.1740890688267
365,492.11045831003673,528.2448630136992,548.2448630136993
366,493.07611241217865,530.0761124121782,550.0761124121782
367,495.32714968153124,531.6719745222933,551.352149681532
368,498.4117249602548,533.5772833723659,553.4298533879667
369,500.35473334646684,535.3736089030217,555.3736089030212
370,502.31197771587813,537.311977715879,557.3119777158786
371,505.28385177330114,540.2962962962979,560.2962962962981
372,509.1987330037086,544.2237330037087,563.3837233628317
373,510.5812003179654,545.5914149443568,564.597161559622
374,512.9554565701565,547.9554565701567,566.9554565701573
375,513.7790143084263,548.7790143084263,567.7790143084266
376,515.0051369863019,550.005136986302,569.0051369863022
377,516.9331848552346,551.9331848552347,570.933184855235
378,518.5590200445441,553.258869636964,572.5590200445446
379,521.0723562152139,555.0723562152147,575.0723562152144
380,523.1335187760784,557.1335187760786,577.1335187760784
381,524.5243393602229,558.5243393602234,578.524339360223
382,526.3578767123295,560.3578767123297,580.3578767123291
383,528.9888579387195,562.98885793872,582.9888579387192
384,531.4403815580292,565.4403815580291,584.5838814580127
385,534.4261838440121,567.672496025438,587.4261838440124
386,536.6687898089181,569.776488445663,589.6687898089185
387,538.0935412026737,572.0935412026743,592.0935412026736
388,540.7193763919835,574.7193763919836,594.7193763919828
389,543.3441780821928,577.3441780821929,597.3441780821923
390,544.6542948038184,578.6542948038182,598.654294803818
391,545.4544841537429,579.4544841537428,599.4544841537427
392,546.5667655786373,580.5667655786367,600.5667655786361
393,548.8852739726041,582.8852739726035,602.8852739726033
394,551.7551113360344,584.888663967612,604.8886639676119
395,554.5485829959524,587.4273475337643,607.5485829959521
396,557.0696727019509,589.5821727019504,610.1643454039006
397,558.4742698191945,591.4742698191942,612.3337105692945
398,560.7623762376259,593.7623762376252,613.7623762376252
399,563.5663338112033,596.1135857461037,616.1135857461037
400,565.8709354120282,598.4409799554577,618.8819599109156
401,567.6015495580172,599.9803664921473,620.0124522785449
402,569.1602216267285,602.1614100185539,622.3437847866442
403,571.4885135135142,604.3126815101652,624.6634818659415
404,572.7681839084612,605.6799365211052,626.6058678348883
405,574.8846153846165,607.884615384617,628.9067307692329
406,577.3910939012588,609.3910939012592,630.4160939012595
407,578.6883116883126,610.6883116883132,631.7133116883138
408,581.421150278295,613.4211502782955,634.7138682745838
409,583.0708502024302,615.0708502024305,636.0708502024305
410,585.2178060413361,617.2178060413364,638.2178060413368
411,587.0181025002388,619.0183246073306,640.0183246073309
412,588.3313977746876,620.3477051460369,641.3477051460372
413,590.3830951873457,622.4025974025981,643.402597402599
414,591.7146632450358,623.905723862928,645.5462328767137
415,593.5306122448999,625.5306122448995,647.530612244899
416,595.2628062360824,627.2628062360818,649.2878062360815
417,598.3189128095964,629.9814814814843,651.9901335668201
418,600.0103857566781,632.0103857566777,654.0103857566774
419,601.353128313893,633.3531283138926,655.227907155216
420,602.723562152135,634.7235621521348,655.9200627380142
421,604.3713490959676,636.3713490959675,657.7429961008716
422,606.5792079207939,638.5792079207937,659.6042079207942
423,608.953441295548,640.9534412955475,662.9534412955476
424,609.9888663967618,641.9888663967615,663.9888663967616
425,612.7959246759035,644.4136125654463,666.7068062827232
426,614.6369863013707,645.7112057012932,668.6369863013709
427,615.9740420271946,646.9740420271951,669.9740420271949
428,619.0667903525056,650.0667903525059,672.156112436177
429,621.009554140129,652.0095541401295,674.0345541401304
430,623.4342984409811,654.4342984409811,677.4342984409811
431,625.4130737134917,656.4130737134917,679.2360890302073
432,627.0017603290914,657.8419528484608,680.0593100890223
433,627.4052298117767,658.4573665780757,681.218428722841
434,628.430476671288,659.4467408585064,681.7483704292533
435,629.5736085343236,660.773654916515,683.776484230059
436,631.8097165991919,663.0646790121068,685.9002036222498
437,634.5987261146515,665.5987261146522,688.6023749830629
438,638.6531376518229,668.6781376518232,692.3250975892715
439,640.6595708586432,671.028495102405,694.0724777448085
440,641.7973273942113,672.4871471184955,695.8223273942114
441,644.5697945682462,674.5779944289704,698.5019498607281
442,646.1446656051035,676.6292304893757,700.7146601575602
443,649.2193159788291,678.516574302135,703.4352226720664
444,651.5585106590717,681.2834008097193,706.0690741210611
445,652.9390328025221,682.9637002341927,707.5811996153263
446,653.9360299428445,684.8574610245005,709.8574610245008
447,655.9448237799407,687.7683741648137,712.4487374085252
448,657.8817802503489,689.8817802503488,713.8831843661017
449,659.7182628062369,691.3885350318537,716.1942675159264
450,662.5688718662977,693.5793871866323,718.5793871866322
451,665.853992813108,696.5477707006414,721.2807324840793
452,669.423661712672,700.4403815580299,725.5488857938766
453,670.5770258236872,702.1540516473747,726.6752081871772
454,671.5313765182193,703.0627530364388,727.5376089219387
455,672.3734353268434,703.9743372434166,728.3734353268435
456,673.5025380710698,705.0809484873269,729.5025380710714
457,674.8791423001958,706.7582846003916,730.9092421449017
458,676.2827067669181,707.9012828112086,732.2827067669185
459,677.9561243144434,709.2952331989334,733.9561243144437
460,680.4268216786138,712.1886456866746,736.8723113693369
461,682.3425559947309,713.685111989462,738.6851119894617
462,684.6288088642682,716.4618070295369,741.2576177285359
463,687.3988645058296,718.5134831460683,742.5216263867633
464,689.8836021505398,720.9086021505403,745.8172043010799
465,691.3993680884688,724.1419855795899,748.2022116903643
466,692.9593996840455,724.6966167498617,748.9921011058459
467,696.3208743842386,727.3374384236469,751.1695544554466
468,699.1910112359587,730.1910112359592,754.1957865168572
469,702.872727272732,732.9655172413804,756.9597727272745
470,704.8978296703305,736.4065934065976,760.4113169954232
471,708.7293398533021,739.7359413202948,764.4784841075843
472,712.2337662337725,743.1168831168867,768.1168831168857
473,716.3145539906129,745.7130101977594,770.3231220657309
474,717.3922651933706,746.7845303867413,771.2833249488
475,717.8945253641391,747.7240568470733,771.6460969703107
476,719.5156915534543,749.988764044946,773.9890180041691
477,721.7563451776672,751.7563451776673,776.4765934993419
478,722.9012961116659,752.9012961116659,776.9764803989754
479,725.3515208799195,754.93470546487,779.9347054648703
480,726.6494175516927,756.6156547881133,781.4771157767951
481,729.2294731610355,758.2544731610362,783.2544731610359
482,731.6522727272746,761.3215077605354,785.7523252074456
483,734.6819894068927,764.3412844036704,788.121461169311
484,736.1146153719483,766.1157635467996,790.1157635467999
485,738.5964912280718,768.5964912280717,792.2137130592929
486,740.406035665296,770.7225610890241,793.8233590397592
487,742.5663027634071,772.7671840354814,795.7671840354785
488,744.6093152475557,775.6197604790434,798.6352544910206
489,746.0868426703253,777.0319971870606,800.088664193634
490,746.2531698019393,777.2078059071731,800.2541810491309
491,746.4189110798045,777.3836146272856,800.4196979046279
492,746.5846523576698,777.5594233473981,800.5852147601248
493,746.750393635535,777.7352320675107,800.7507316156217
494,746.9161349134004,777.9110407876232,800.9162484711187
495,747.3533619456374,778.3533619456373,801.3621959942783
496,748.5059288537607,779.2529644268802,802.5246047430869
497,751.4280185758563,781.2167182662577,804.2386780269916
498,754.0044734394106,784.007800376213,807.0105900151316
499,755.931690719139,786.3355335533558,809.8890226628922
500,759.2438524590173,789.3934426229521,813.0741803278762
501,761.6481994459855,792.648199445985,818.2963988919697
502,765.2838235294129,796.2838235294132,821.5676470588255
503,767.1510574018205,798.0755287009097,824.0774169184317
504,770.2145869947279,800.2337434094911,826.4866432337449
505,771.103225806452,801.1032258064524,828.1058064516134
506,771.9096774193553,801.9096774193556,828.9324193548392
507,772.6284501061575,802.628450106158,829.6472831355329
508,773.5202628696617,803.5202628696618,830.5275486452971
509,775.903703703711,805.9037037037117,832.4518518518568
510,778.7359823239656,809.1552787504734,836.5443349753721
511,781.980607375415,812.010791366908,839.0322931654782
512,785.4258702531685,815.2227564102575,843.4398734177244
513,788.7099309349571,818.7191011235968,847.7191011235997
514,792.2390595903191,822.1210428305424,851.1240689013058
515,794.6979747948457,824.5692889493117,853.7162500000017
516,797.8309840425538,826.8351063829812,856.6743351063872
517,799.344860710856,828.3448607108562,857.7265044197658
518,801.2553191489415,830.255319148941,859.3014978425758
519,803.3612662942288,832.5242976867695,861.738500931104
520,805.364981504317,834.7299630086335,863.7398062861135
521,806.3065739570171,836.1732761700612,864.5683688148591
522,806.9386852085973,836.8773704171942,865.0074127393269
523,807.8841713629973,837.5451349431823,866.5115366587005
524,811.3784574468106,840.3936170212785,869.411215084325
525,812.955722132094,841.9684579439258,871.936915887853
526,813.9956235503706,843.0261660978399,873.0331219698437
527,815.0191103843158,844.510638297877,874.0335106383054
528,819.6920152091268,848.6920152091308,878.7075326983187
529,822.5951940850298,851.7326007326017,882.2005083179356
530,824.4433811802251,853.6469411859523,884.4433811802248
531,825.5516949152552,854.8817095070234,885.551694915255
532,826.9495967741966,855.9495967741965,886.9631096020934
533,829.5887536004201,859.4975124378116,889.33582089552306
534,831.796543200794,861.6081504702208,892.2167864910525
535,835.244552058115,865.2445520581141,896.5581336237099
536,837.9642853468767,867.9388753056261,898.9482970025806
537,840.2363225979847,870.6017982018034,902.0867111914947
538,842.4667637551379,872.9677419354889,904.4838709677446
539,845.5715944272456,876.582043343655,907.5820433436551
540,848.3830083565467,879.3830083565474,910.5055787094984
541,850.4186046511635,881.4186046511642,912.5531281032779
542,851.194897236003,882.1948972360033,913.389794472006
543,851.5492558469173,882.5492558469175,914.0985116938344
544,851.9036144578315,882.9036144578317,914.8072289156629
545,853.0098603122456,884.0098603122448,916.0049301561224
546,854.5087935648929,884.846454640794,916.8266228430575
547,856.2261306532735,887.613065326637,919.2317839196029
548,858.1095483359763,889.1109350237764,921.0687479530778
549,860.3401458517542,890.8400974025985,922.6722129783701
550,863.0442211055289,895.0442211055285,927.0442211055282
551,864.1002330398783,896.0253754531338,928.0507509062674
552,866.0614836872089,896.8824567106365,929.0864836872103
553,866.8037810126636,897.8609455701242,930.412798634819
554,870.8495923913056,901.853260869568,934.7101902173953
555,872.7295081967231,903.7295081967236,936.8325709594195
556,873.6195574589586,904.6195574589585,937.6220145256613
557,875.3271186440685,906.3271186440693,939.3352966101703
558,876.9013452914807,908.7857142857172,941.7886050608605
559,878.8113006630778,910.4100000000019,943.8305866983436
560,880.6000000000016,912.600000000002,946.6000000000009
561,881.9522613065338,913.9728765167744,947.9522613065334
562,884.1661442006298,916.5845760377742,951.166767312845
563,886.225178147279,918.43850585214,952.250178147279
564,890.3568973537829,922.7164556962061,955.9514329782695
565,893.3341160221016,924.9610492407552,959.3841160221102
566,895.5367606284668,927.5480591497235,962.5480591497233
567,897.1342706428354,929.1464872944707,964.150149476834
568,899.023899755504,931.0488997555037,966.1227995110122
569,901.3052811353525,933.6389937106945,969.3317546294578
570,903.8215350963053,935.9216867469902,971.8433734939788
571,906.2352817357528,938.5181347150276,974.0413723096901
572,907.3701448228293,940.0419016921848,976.0419016921845
573,907.9010471204194,940.8477034649486,976.8477034649484
574,911.0497899159727,943.050420168074,979.1245798319454
575,913.7644011499099,946.5547945205496,982.7894011499101
576,915.4136622390923,948.4136622390912,984.7398972112745
577,917.4470588235315,950.4470588235312,986.9105087186584
578,918.5881753312963,951.5881753312959,988.5881753312952
579,919.77102199224,952.7710219922398,989.5888514639894
580,922.2885154061645,955.5036674816656,992.0030538353228
581,923.9335863377623,957.9335863377639,994.8671726755219
582,924.9767206477738,958.9767206477748,995.9767206477734
583,927.7909272392967,961.2765957446844,998.1570417971712
584,931.5529414854518,965.0438596491267,1002.0438596491248
585,933.4834254143682,967.4834254143667,1004.4834254143661
586,936.2581571885229,970.2613240418127,1006.5793662477572
587,938.1176470588259,972.1176470588257,1009.235294117655
588,941.2365760851147,975.4182305630054,1012.4286863270809
589,944.1872061548336,978.281316348196,1015.2883492569006
590,945.7760704419933,979.8922651933716,1016.9536040413108
591,948.2869955157016,982.286995515699,1019.292040130053
592,952.2372746900409,986.4371134020631,1022.462113402064
593,953.8583234946881,988.7309417040377,1025.4686098654722
594,956.5331695331736,991.5331695331714,1028.5331695331704
595,959.2730015082976,994.2149916474707,1031.2730015082961
596,961.0453074433677,996.0453074433665,1033.0453074433665
597,962.9951456310708,997.9951456310698,1034.995145631069
598,963.6052152819899,998.6052152819896,1035.6052152819893
599,964.26260346125,999.2626034612497,1036.2626034612495
600,965.0392645290045,1000.0396825396841,1037.0396825396833
601,967.3911444141706,1002.4059945504113,1039.8119891008207
602,970.5794392523404,1005.5794392523404,1043.3529411764712
603,973.6593886462899,1008.6593886462899,1045.6604988668416
604,975.7729257641947,1010.772925764195,1048.5515283842844
605,977.9563318777318,1012.9563318777316,1050.9563318777298
606,980.853174603177,1015.8531746031772,1053.555848717324
607,983.4174449829345,1018.4213973799157,1056.4286299126659
608,985.5721962616906,1021.2897196261727,1059.2969626168288
609,987.6492358078608,1022.6742358078615,1060.6760190668265
610,989.6308817471131,1024.6681222707452,1062.6848253275155
611,990.1506550218377,1026.1506550218369,1064.1756550218386
612,991.7843388960227,1027.7843388960223,1065.809338896023
613,994.5175749318863,1029.7683923705758,1067.7933923705775
614,996.1067961165089,1032.1067961165068,1071.0495039640502
615,998.2327272727297,1034.232727272729,1072.4823078219565
616,1000.1771620487,1036.1771620486995,1074.1815910999169
617,1001.0485436893244,1037.0485436893237,1075.0735436893233
618,1003.0665901262936,1039.0665901262928,1078.066590126292
619,1004.3710317460351,1040.3710317460332,1079.3710317460339
620,1007.7572815534032,1042.8786407767013,1081.9036407767023
621,1009.5327102803757,1044.5327102803758,1084.077102803746
622,1011.3983066322405,1047.0708446866506,1087.0708446866522
623,1013.3369713506158,1049.3369713506147,1089.3369713506156
624,1015.2672727272752,1051.267272727274,1091.2672727272752
625,1017.6289222373837,1053.2647903503748,1093.6289222373841
626,1019.1902832074452,1055.5616224648993,1095.5616224648995
627,1021.0067738231934,1057.074940671806,1097.5225028702657
628,1022.0954036091819,1057.2670612169413,1098.151170978448
629,1022.3055320719774,1057.6935626102295,1098.3713646581114
630,1022.515660534773,1058.1344797178133,1098.5915583377753
631,1022.7257889975683,1058.575396825397,1098.811752017439
632,1022.9437921388219,1059.0969432314425,1099.1815254058731
633,1023.8948689956338,1060.8820960698697,1101.7641921397394
634,1026.3361301653727,1063.3520249221206,1103.72718281037
635,1027.635767374637,1065.4606060606068,1105.4606060606075
636,1029.3056768558968,1067.169253658884,1107.6113537117924
637,1030.2637824076185,1067.5823547733125,1108.2720767906044
638,1030.9918000000011,1067.9954558877416,1108.9920799650818
639,1033.8818181818212,1070.8818181818217,1111.8818181818208
640,1036.852459016402,1074.4835514533747,1114.877459016406
641,1039.1991424116447,1076.4033264033285,1117.4416104288007
642,1039.727196018054,1077.5514553014573,1118.2661642411665
643,1040.3683492496612,1078.6727299013971,1119.393349249661
644,1041.1447049312858,1079.2894098625713,1120.1697049312857
645,1041.4141740770685,1079.828348154137,1120.4391740770684
646,1041.6836432228515,1080.3672864457026,1120.7086432228514
647,1041.9531123686343,1080.7797619047622,1120.978112368634
648,1043.0036363636425,1081.0054545454627,1123.0022197300505
649,1046.8072727272775,1085.145730147719,1125.8322727272787
650,1051.1060043668178,1089.196506550225,1131.131004366818
651,1056.6736899563357,1094.6986899563383,1136.6986899563371
652,1061.854644808746,1100.584699453561,1142.5846994535586
653,1065.7923497267836,1104.7923497267836,1145.7923497267839
654,1069.404906542059,1108.4299065420607,1150.4299065420541
655,1072.6358641317815,1111.9782016348813,1153.9782016348786
656,1076.3992030523598,1115.7402912621394,1157.740291262139
657,1077.927376459925,1117.8923556942298,1159.8923556942298
658,1080.3015873015906,1120.3015873015888,1162.3015873015904
659,1082.7811566097662,1122.498446594424,1164.6135371179068
660,1085.7098283931398,1125.0929116437392,1167.713455538226
661,1089.130909090913,1128.1309090909149,1171.141772727278
662,1091.9345454545494,1130.9345454545512,1173.9345454545503
663,1094.902288650119,1133.9264305177153,1177.4249789447626
664,1096.3542095916118,1136.0240174672524,1180.0240174672497
665,1098.172727272728,1138.1727272727303,1181.435017956085
666,1100.600650923404,1140.7012526931155,1184.6103542234366
667,1102.6209606986909,1142.6288209607037,1186.6288209607028
668,1104.0968622100975,1145.0968622100977,1189.0968622100975
669,1105.4611186903155,1146.4611186903162,1190.4611186903155
670,1106.4890864995969,1147.4890864995973,1191.4890864995969
671,1107.8877188745698,1149.1073006317065,1192.8932038834982
672,1108.3497797202801,1150.2027272727287,1194.2027272727285
673,1109.3831775700974,1151.3831775700976,1195.3831775700974
674,1111.4815227703991,1153.5000000000027,1197.5000000000025
675,1112.7056971167744,1155.5241809672411,1199.5491809672412
676,1114.8165938864659,1157.8165938864659,1201.8331816066989
677,1118.993769470414,1161.9937694704147,1205.9937694704154
678,1122.5089805825253,1165.5339805825272,1209.5339805825276
679,1125.2210813492072,1168.2400793650822,1212.2400793650825
680,1128.0458332282194,1171.2436363636414,1215.249727272733
681,1130.0743996842937,1174.1806853582593,1218.20360111021
682,1133.0124610591934,1178.0124610591936,1222.0124610591947
683,1135.7903930131026,1180.7903930131033,1224.790393013104
684,1138.1919652795623,1183.4737991266402,1227.4987991266414
685,1139.2734899328893,1185.273489932888,1229.2984899328887
686,1140.650975889784,1186.6509758897832,1230.6759758897838
687,1142.0776071139862,1188.077607113986,1232.102607113986
688,1142.4818108326604,1188.4818108326604,1232.5068108326602
689,1142.8860145513345,1188.8860145513345,1232.9110145513348
690,1143.652727272729,1190.4788540245584,1235.478854024559
691,1144.3212058212068,1191.3212058212066,1236.3212058212068
692,1144.8409563409573,1191.840956340957,1236.8409563409573
693,1147.0145631067996,1194.0145631067994,1239.0145631068008
694,1149.340379354293,1196.8254545454588,1241.8386577456877
695,1151.7930422919524,1198.798090040929,1243.7980900409302
696,1153.7338454609628,1200.7566302652124,1245.7566302652128
697,1154.8963973799137,1201.9213973799137,1246.9213973799142
698,1155.5836610032388,1203.5849514563133,1248.5849514563142
699,1157.3854803493473,1205.4104803493474,1250.4104803493483
700,1159.3993369734806,1207.4243369734806,1252.4243369734813
701,1161.2676979280275,1209.4800000000012,1254.4920000000036
702,1163.0458446866517,1212.0708446866502,1257.0958446866534
703,1164.8948416222267,1214.730909090912,1260.7309090909127
704,1166.5908045977026,1216.5908045977021,1262.5908045977021
705,1168.3120805369144,1218.3120805369147,1264.3120805369144
706,1170.8348279389186,1220.8583106267065,1266.8583106267058
707,1172.6697819314697,1223.6697819314684,1268.855763239877
708,1175.6417445482894,1226.6417445482907,1271.6667445482924
709,1177.3503030303048,1229.0254545454568,1274.3671818181829
710,1178.6281953242517,1230.7785234899347,1276.562583892621
711,1182.1643013100563,1234.5895196506613,1280.58951965066
712,1186.051419213977,1238.0764192139764,1284.0457166420965
713,1188.2425567423247,1240.7975077881663,1285.8225077881689
714,1189.338335607096,1242.3383356070958,1287.363335607097
715,1190.4163298302356,1243.4163298302356,1288.4413298302363
716,1191.5515873015902,1244.5515873015884,1289.5765873015916
717,1193.0745454545481,1246.0745454545468,1291.1722272727352
718,1194.7147016011663,1247.7147016011663,1293.7325691411968
719,1198.6670980926453,1251.6920980926461,1297.717098092649
720,1200.7272727272787,1254.7272727272778,1300.7522727272794
721,1204.0245897630994,1258.0249221183844,1305.011960262264
722,1206.6736899563352,1260.698689956335,1307.698689956334
723,1208.2105263157903,1262.4595635430055,1309.459563543005
724,1208.8684210526326,1264.4550408719383,1311.4550408719372
725,1211.030567685592,1267.0305676855914,1314.0305676855908
726,1212.8106796116545,1268.8106796116535,1315.8309466019464
727,1215.5679611650517,1270.9465423383158,1318.592961165053
728,1217.388646288217,1273.8886462882156,1321.4136462882157
729,1220.7976190476215,1276.8608458390195,1325.7976190476206
730,1223.073569482292,1279.0735694822934,1328.030546979698
731,1225.154820548912,1281.2997275204411,1329.3102277893538
732,1228.4032697547725,1286.4032697547727,1334.4032697547723
733,1230.279796277667,1288.8214285714316,1336.8214285714314
734,1230.9957165262326,1290.9912663755479,1338.9912663755479
735,1233.4374733177679,1293.444034440346,1341.444034440346
736,1235.1670103092797,1295.1920103092802,1343.1920103092802
737,1236.5642575039512,1296.5892575039513,1344.5892575039516
738,1238.7294247787638,1298.7544247787637,1346.7544247787641
739,1241.116457274455,1301.1368209255572,1349.322274881523
740,1243.2726855978221,1303.4227452657735,1352.2756302521025
741,1244.1385671455175,1305.5523012552308,1354.0316326668908
742,1244.387536178605,1305.9707112970716,1354.2846940020152
743,1244.6365052116926,1306.3891213389127,1354.5377553371397
744,1244.8854742447802,1306.8075313807535,1354.790816672264
745,1247.1181908761134,1308.1413703382489,1356.2141918528264
746,1248.2339364851216,1310.015082956261,1358.0150829562608
747,1249.7755636191905,1311.8088578088607,1359.80885780886
748,1251.363139558343,1313.704419889506,1361.3881395583428
749,1253.6775067750766,1316.5162601626066,1364.6775067750748
750,1256.4881145945237,1320.0673469387762,1368.092346938778
751,1258.1701319160304,1321.9872727272748,1369.995099205553
752,1258.8261916299298,1322.7893481717022,1370.7909501974982
753,1260.5289719626207,1324.528971962619,1372.5539719626195
754,1262.1578947368473,1326.1578947368453,1374.1828947368454
755,1264.2183673469426,1328.218367346941,1377.21836734694
756,1266.2884615384655,1330.2884615384635,1379.288461538463
757,1268.554054054059,1332.554054054056,1381.5540540540558
758,1270.8596491228122,1334.859649122809,1383.7228070175481
759,1272.4638297872357,1336.393444235645,1385.4638297872348
760,1273.7226562500034,1337.5839843750039,1386.722656250003
761,1275.5926412615001,1339.5926412614995,1388.6074572930377
762,1277.1161825726151,1341.116182572615,1390.2544605809153
763,1277.9460580912873,1341.9460580912873,1391.893464730293
764,1279.3490186877118,1343.3638443935956,1392.5123883448878
765,1280.9987639353417,1345.0535055350583,1394.0798431734347
766,1282.2167768878928,1347.2187159956493,1396.2260868491455
767,1284.0220085470162,1349.047008547016,1398.0470085470151
768,1286.999861878458,1352.0248618784576,1401.0254834254188
769,1290.2114695340565,1356.317204301084,1406.2167562724028
770,1293.6017800632935,1359.6606104013845,1409.2795966530791
771,1296.2551020408207,1363.2551020408218,1412.2893172733047
772,1298.033296662071,1365.0895522388091,1414.0947761194052
773,1299.2381524748469,1366.47571661882,1415.5060969157707
774,1299.899687127198,1367.3506329968436,1416.8096772685017
775,1302.8187747231023,1369.881823575954,1420.1507683144732
776,1306.2116754406768,1373.8407079646088,1423.553160556261
777,1308.7882678132696,1377.0188696525474,1426.6466329640919
778,1310.394490979385,1379.5713898300269,1429.4194909793855
779,1312.0789889415535,1381.0789889415528,1431.0644944707767
780,1315.2370612293896,1383.2630272952906,1433.2880272952893
781,1316.4330448626217,1385.255943897481,1435.2389575338143
782,1318.2166436464104,1387.6160220994532,1438.5842082174977
783,1322.7437861271703,1392.2795498223875,1442.543352601163
784,1325.6431535269749,1396.0344303917025,1446.6681535269734
785,1327.2348993288617,1398.2348993288606,1448.4760185843122
786,1330.7419763028222,1401.7808641975348,1452.7808641975332
787,1333.3334229390696,1405.1498382576847,1456.1745200698101
788,1336.6762097538178,1408.4695787831533,1459.541517857152
789,1340.0512527233145,1411.2306944511097,1463.2892163628749
790,1342.1125921375958,1413.2751842751918,1464.3467444717503
791,1343.5049252082279,1415.963684612248,1467.3484234234247
792,1345.0474683544326,1418.0474683544342,1470.0736550632948
793,1347.3306785175764,1419.7732300884968,1471.7990735359078
794,1349.669491525426,1422.6694915254257,1474.8833923394309
795,1352.731884057974,1425.3820327200162,1478.7350109255963
796,1356.282657634454,1427.9430326254171,1482.2634477644403
797,1357.726174575812,1429.8844754701477,1483.7511745758131
798,1359.5885597653373,1432.3546218487418,1485.7023109243728
799,1361.0760517799374,1434.2847252493275,1488.1010517799382
800,1363.368550368554,1436.6812325842993,1490.7528869778953
801,1365.9150311710875,1439.1598906276972,1493.9296875000057
802,1368.0771604938313,1441.1543209876604,1496.1040895061774
803,1370.1645833333343,1443.1666666666708,1498.1083333333352
804,1371.6695881995793,1444.6960962891565,1499.3773121150962
805,1373.50899833413,1447.0373443983483,1501.4625253399702
806,1375.8084422952418,1449.6494464944728,1502.6994464944717
807,1379.3449820788646,1453.7584741423505,1507.7060035842328
808,1382.1607693652745,1456.5922021139734,1511.4631229235927
809,1385.1307189542513,1460.196078431377,1515.1807189542512
810,1386.9390625000021,1462.2845704802075,1517.0125390625021
811,1388.505066017736,1464.430030643515,1518.6950204290104
812,1389.1943127962097,1466.1001628664505,1520.4587677725126
813,1390.823529411766,1466.9144951140074,1521.9582733696882
814,1391.5678934010157,1467.9110532351942,1522.6428934010162
815,1392.410025706942,1468.8050127442657,1523.4850257069425
816,1393.3741355463353,1469.3741355463362,1524.4491355463356
817,1394.025373931624,1470.0253739316245,1525.1010082799148
818,1394.2924679487182,1470.2924679487185,1525.374779647436
819,1394.5595619658122,1470.5595619658125,1525.6485510149575
820,1394.8266559829062,1470.8266559829067,1525.922322382479
821,1395.5616000000014,1472.123200000006,1526.6616000000022
822,1398.1096345514973,1475.1096345514957,1529.3165282392065
823,1403.103004291852,1481.1030042918446,1538.1280042918477
824,1406.7294685990407,1484.5471014492769,1542.4657004830965
825,1409.0538866555453,1487.0386706108443,1545.0546875000023
826,1410.9924812030122,1489.99248120301,1547.9924812030088
827,1412.8735568850698,1491.884676145342,1549.8854159651364
828,1414.4471731250026,1494.9534883720976,1552.9534883720949
829,1416.1673469387786,1497.1673469387788,1555.192346938779
830,1418.6781326781365,1499.6781326781368,1558.678132678134
831,1421.3415233415271,1502.3415233415276,1561.3415233415246
832,1423.5248618784574,1504.5248618784576,1563.5248618784578
833,1425.5959409594118,1506.5959409594125,1565.595940959413
834,1427.8147555155986,1508.8245614035127,1567.8495614035146
835,1429.979975124379,1512.0049751243803,1572.0042888114683
836,1432.3568302013196,1514.8230088495611,1573.873008849561
837,1434.1472310969125,1517.0745473908416,1577.0995473908415
838,1434.8483315583962,1517.4295349662766,1577.4545349662767
839,1435.5494320198802,1517.7845225417113,1577.8095225417114
840,1435.922400599765,1518.6000000000022,1578.6400000000017
841,1437.6463286713304,1520.6713286713311,1580.7463286713305
842,1439.1604636591505,1522.185463659151,1582.2604636591507
843,1441.4873686967808,1524.5213032581487,1584.5893811349774
844,1443.0226122008137,1527.066326530617,1587.1163265306138
845,1444.416820947568,1528.6378269617721,1588.6878269617712
846,1445.567342342345,1530.5923423423471,1590.6423423423435
847,1447.1836956521763,1532.4505016722442,1592.4621739130457
848,1450.1112407862456,1535.125307125318,1595.297481572487
849,1450.8220734701827,1536.757603686638,1597.5505456547453
850,1452.407788380633,1538.6463195691263,1599.455879712749
851,1453.9839899222172,1540.9435215946912,1602.8884551495053
852,1456.0292448898701,1543.0935143288098,1605.0935143288089
853,1456.5890554913478,1543.8476621417808,1605.8476621417801
854,1457.421110296712,1545.9558011049778,1607.9558011049755
855,1460.2800108932474,1548.3050108932503,1610.6273965141665
856,1462.7030000000009,1550.7280000000032,1613.7280000000019
857,1464.7079931972798,1552.7329931972822,1615.73299319728
858,1466.2719223848462,1554.2983831455176,1617.2983831455174
859,1466.7594796670235,1554.7883390494862,1617.7883390494862
860,1469.1691358024707,1557.2191358024752,1620.2441358024726
861,1471.0494707319235,1559.1509635974362,1623.0549474100735
862,1473.7185779816539,1562.793577981654,1624.8185779816597
863,1475.771244131456,1565.7587476979752,1627.8690567206188
864,1478.4322092387597,1568.769902264909,1632.3175925926034
865,1479.7311908734205,1570.9645942125178,1635.2472902097916
866,1482.2222377672558,1573.4637681159431,1638.864864864866
867,1483.5811010215668,1575.4466515323525,1640.6311010215668
868,1484.6312356828528,1578.2354124748508,1643.2354124748485
869,1486.4113924050678,1580.2031250000014,1645.4113924050664
870,1489.2626582278524,1583.0200588178411,1648.2692246835488
871,1491.92194805195,1585.4248608534344,1650.9826858828656
872,1492.9300871313683,1587.4896907216516,1652.865707964605
873,1495.8807588075922,1590.6497866202903,1655.4553630423563
874,1497.9093517331576,1592.6332179930814,1656.9836734693909
875,1500.068432027394,1595.216101694919,1661.1690677966128
876,1500.9169718237895,1597.6081632653095,1662.829081632657
877,1503.960212201599,1600.4725684123546,1666.960212201599
878,1506.4233582089578,1603.1641791044822,1669.4427860696542
879,1509.317318435756,1606.1341281669193,1672.3366209443104
880,1510.9676616915465,1608.9353233830932,1674.9361318408055
881,1513.48865601853,1611.5078299776296,1677.5078299776308
882,1514.7519679300294,1612.758017492712,1678.7580174927123
883,1516.9047332185912,1614.9070567986253,1680.9297332185915
884,1518.0097902097923,1616.0097902097925,1682.0347902097926
885,1519.9173588924418,1617.9329073482481,1683.981230031955
886,1520.7241435521983,1619.4937062937083,1685.5246149413626
887,1523.1594527363252,1621.58706467662,1688.626741293535
888,1526.6764925373159,1624.7014925373137,1691.7514925373189
889,1527.5344617419476,1626.357827476039,1693.407827476039
890,1528.3373493975928,1627.3373493975919,1694.387349397592
891,1529.8601398601418,1629.6805111821125,1696.305191693292
892,1531.491832551147,1631.5102420856629,1697.6229981378058
893,1533.9992170022376,1633.0492170022394,1699.1738651714343
894,1538.7185020381983,1636.8081936685326,1702.908193668535
895,1540.174117647059,1638.2741176470604,1705.3491176470602
896,1541.852736318408,1639.952736318411,1707.0277363184111
897,1543.7530351437701,1641.8530351437719,1708.9493610223665
898,1544.9684254761758,1643.1029921259847,1710.2279921259847
899,1545.2435619022226,1643.4179527559058,1710.5429527559058
900,1545.5186983282697,1643.7329133858273,1710.857913385827
901,1545.7938347543163,1644.3400447427327,1711.465044742733
902,1547.452181208054,1646.5771812080568,1714.6771812080574
903,1551.138621133019,1651.4472843450537,1719.547284345053
904,1553.761788617889,1654.8617886178895,1722.9617886178894
905,1556.2012433925713,1658.2022367194795,1727.451956153616
906,1557.0533546325892,1659.1533546325895,1729.1783546325896
907,1558.6649253731384,1660.76492537314,1730.7789891397715
908,1560.4632295719862,1662.9965576592108,1733.0464716006907
909,1561.9440017225297,1665.0447284345098,1735.0947284345089
910,1563.499964142285,1667.2065404475065,1737.2414586919128
911,1564.9115524059278,1669.0657342657364,1740.0717131775637
912,1565.1400439702295,1670.6182495344533,1741.8407035291077
913,1565.33944260862,1671.1852283317803,1742.1864275763419
914,1565.5208999997342,1671.4182199440825,1742.419076253396
915,1565.702357390848,1671.6512115563844,1742.6517249304502
916,1565.8838147819622,1671.8842031686863,1742.8843736075044
917,1568.0518171327465,1674.077101002314,1745.0771010023143
918,1568.8199884601966,1674.8481110254443,1745.8481110254447
919,1571.9388268156522,1677.9888268156478,1749.013826815652
920,1575.6209175423523,1680.806368330465,1752.7450516351169
921,1579.5671641791164,1686.567164179113,1759.2211623447047
922,1583.3422486033562,1690.3826815642483,1763.3922486033564
923,1584.5990215043212,1692.3805970149272,1765.7725138294613
924,1586.102455260397,1695.1150159744434,1768.2521565495304
925,1589.4125503891814,1697.4536741214092,1771.7450079872228
926,1591.054797449703,1699.441340782126,1774.441340782126
927,1591.5559305888419,1701.2819488817902,1775.5818490415359
928,1592.282122905033,1702.2821229050278,1777.2821229050305
929,1594.66219239374,1704.6621923937382,1779.6787472035828
930,1596.1167402752603,1706.5991058122218,1781.624105812223
931,1596.4258437769392,1707.2819128422684,1782.3069128422685
932,1596.734198354308,1707.667566525261,1782.6925665252609
933,1597.0834340991541,1708.1930069930095,1783.2228321678344
934,1597.6880290205568,1709.4504792332289,1784.5004792332286
935,1598.1038370409408,1710.1040860215057,1785.1540860215057
936,1598.318376381727,1710.3191397849469,1785.3691397849466
937,1598.532915722513,1710.5341935483875,1785.5841935483875
938,1598.7474550632994,1710.7492473118286,1785.7992473118284
939,1598.9619944040853,1710.9643010752693,1786.0143010752693
940,1601.5787274155564,1714.6082089552297,1789.2762126865787
941,1607.2162267581034,1721.6026785714348,1797.627678571435
942,1608.5956065442956,1723.617877094974,1800.617877094971
943,1610.3375429553296,1726.362542955329,1803.362542955325
944,1612.6129842360085,1728.8076062639855,1805.544743062711
945,1614.9627793296092,1731.9273743016806,1807.9523743016805
946,1619.1797215714591,1736.44692737431,1812.9076815642604
947,1622.017173361385,1740.0174129353272,1817.017412935324
948,1624.0189255917792,1742.0574478901885,1819.0574478901883
949,1624.4076476429154,1742.565836298933,1819.5658362989325
950,1624.8003447472865,1743.233226837063,1820.2332268370612
951,1626.2398373983767,1745.239837398376,1822.2648373983754
952,1627.8755244755266,1746.8755244755257,1823.9005244755253
953,1628.8432365773147,1747.8490214352296,1824.8740214352292
954,1630.3954907454154,1750.5008605852008,1828.0517211704007
955,1630.8744996634703,1751.7654431512992,1829.8154431512987
956,1631.971052631581,1752.9710526315807,1831.9600553149444
957,1635.4328910614533,1756.2318435754228,1835.144962039516
958,1638.1239121472493,1759.565040650409,1837.4008340907953
959,1640.5902196335417,1762.597014925378,1839.6869402985108
960,1644.2738501074755,1766.3246268656783,1843.408722897992
961,1645.4582089552252,1768.9253731343294,1846.9026119402963
962,1646.3316446230672,1770.3341176470587,1848.4091176470583
963,1646.9204117647064,1770.9223529411765,1848.997352941176
964,1650.1191145901005,1773.4273743016788,1851.9190642458072
965,1651.0861118359267,1775.0870646766193,1855.139241293531
966,1652.7829371812359,1777.6504065040672,1858.3746824592833
967,1654.2537313432856,1779.2537313432822,1860.1490705563087
968,1656.4124998988425,1782.5758928571481,1862.6508928571413
969,1659.4807262569848,1785.5307262569868,1866.5807262569822
970,1661.8494413407852,1787.8994413407881,1868.9359597815442
971,1665.2955111189026,1792.4328358208986,1873.2274196764258
972,1669.0390235685757,1795.2201492537372,1876.225652985073
973,1671.353109452738,1798.5671641791075,1879.7717661691518
974,1673.5322226297628,1802.212059324721,1882.7991027353485
975,1675.9181309904163,1804.7079124347658,1883.9970447284336
976,1678.744677570615,1807.422885572143,1888.422885572138
977,1680.0255591054356,1809.0255591054374,1890.0255591054292
978,1682.4524760383408,1812.5463258786017,1893.414217252394
979,1685.4101437699708,1815.4153354632658,1896.8702875399365
980,1688.0222760574986,1818.610223642178,1900.6504792332278
981,1690.372075938896,1820.9724612736693,1903.468028131941
982,1691.4992380096476,1823.250349650353,1905.2753496503499
983,1693.2116989567803,1825.4217877095048,1907.4467877094978
984,1695.5273631840835,1828.527363184086,1911.3216915422886
985,1699.9841373252646,1832.5128508271705,1914.0417597765365
986,1701.9198580970622,1835.6231143689174,1916.9607541899447
987,1703.9635089686137,1838.163189237676,1920.027017937221
988,1706.1321086262033,1840.3642172524035,1923.2321086261911
989,1709.2748433911781,1843.8101328701823,1926.3796089385417
990,1712.326492537316,1846.9014925373158,1929.8679477611877
991,1713.497143176241,1848.845790074022,1933.823882681558
992,1714.975391498885,1850.9797592415086,1936.0129630622332
993,1717.518656716424,1855.018656716425,1939.5436567164204
994,1720.2203125000058,1857.2500000000114,1942.2750000000017
995,1722.9127565298543,1859.987562189062,1945.0125621890556
996,1724.6503109452774,1863.0447761194048,1948.6965174129355
997,1727.028212290507,1865.344988498198,1952.078212290496
998,1729.9328916372228,1868.1578327444088,1954.9999999999982
999,1732.9884328358264,1871.0634328358315,1958.3567241608189
1000,1736.2139854534316,1874.2947761194125,1962.2947761193932
1001,1738.386123545209,1877.3582089552324,1964.4082089552255
1002,1739.4455658984216,1880.253731343292,1967.3037313432849
1003,1742.7361940298442,1884.7611940298625,1972.8052238805838
1004,1743.6639727798197,1887.6134185303606,1975.663418530351
1005,1745.7508785942596,1890.3801916932987,1979.40519169329
1006,1747.6811652236636,1892.9197761194077,1982.8415578358201
1007,1750.1953579418318,1896.4787472035887,1986.1432540768883
1008,1752.8268223810253,1899.8631840796015,1988.7297885572125
1009,1755.303004470512,1903.0060667340745,1992.0060667340745
1010,1755.9787999635325,1904.041975308643,1993.043024691357
1011,1756.1672713879716,1905.108877423946,1994.133877423946
1012,1756.3335178667155,1905.2867817114393,1994.3117817114394
1013,1756.4997643454594,1905.4646859989325,1994.4896859989326
1014,1756.6660108242033,1905.6425902864257,1994.667590286426
1015,1756.8322573029473,1905.8204945739194,1994.8454945739193
1016,1756.9985037816912,1905.9983988614126,1995.0233988614127
1017,1760.002222222228,1909.002222222222,1998.0522222222214
1018,1762.4634920635008,1911.463492063492,2000.5134920634912
1019,1765.9333333333407,1914.933333333333,2003.9833333333324
1020,1768.9555555555642,1917.955555555555,2007.0055555555543
1021,1772.1518518518615,1921.151851851851,2010.2018518518503
1022,1775.3481481481542,1924.3481481481472,2013.3981481481467
1023,1779.2944444444518,1928.2944444444438,2017.344444444443
1024,1781.9296296296384,1930.9296296296284,2019.9796296296272
1025,1784.8666666666727,1933.866666666666,2022.9166666666654
1026,1787.060209424087,1936.0602094240835,2025.1102094240832
1027,1788.4820512820556,1937.482051282051,2026.5320512820506
1028,1791.4984126984211,1940.498412698412,2029.5484126984115
1029,1794.1901234567968,1943.19012345679,2032.2401234567894
1030,1796.1631644004979,1945.1631644004945,2034.2131644004942
1031,1798.4355555555678,1947.4355555555553,2036.4855555555548
1032,1801.4857142857231,1950.4857142857138,2039.5357142857135
1033,1804.0622222222287,1953.0622222222223,2042.1122222222218
1034,1805.5356811862864,1954.5356811862835,2043.5856811862834
1035,1807.761111111119,1956.761111111111,2045.8111111111104
1036,1809.8700854700905,1958.8700854700855,2047.920085470085
1037,1813.102222222226,1962.1022222222218,2051.152222222222
1038,1814.6735042735086,1963.673504273504,2052.723504273504
1039,1816.4993819530318,1965.4993819530282,2054.549381953028
1040,1818.015873015877,1967.0158730158728,2056.065873015873
1041,1820.2888888889008,1969.2888888888888,2058.3388888888876
1042,1824.2380952381038,1973.2380952380947,2062.2880952380942
1043,1826.6111111111188,1975.6111111111106,2064.66111111111
1044,1830.388888888896,1979.3888888888882,2068.438888888888
1045,1835.8518518518651,1984.8518518518513,2073.9018518518506
1046,1838.6507936508024,1987.6507936507937,2076.700793650793
1047,1841.6296296296398,1990.629629629629,2079.6796296296284
1048,1846.4545454545507,1995.454545454545,2084.5045454545448
1049,1848.444444444449,1997.444444444444,2086.4944444444436
1050,1851.555555555563,2000.5555555555552,2089.605555555555
1051,1854.1333333333448,2003.1333333333323,2092.183333333331
1052,1859.0740740740787,2008.0740740740735,2097.124074074073
1053,1862.0055617352639,2011.005561735261,2100.055561735261
1054,1863.1811965812005,2012.181196581196,2101.231196581195
1055,1864.8905982906022,2013.8905982905976,2102.940598290597
1056,1867.4222222222277,2016.4222222222206,2105.47222222222
1057,1910.4453703703778,2022.1703703703747,2110.82037037037
1058,1913.5244949494988,2025.2494949494971,2113.899494949494
1059,1916.2719696969732,2027.9969696969715,2116.646969696969
1060,1920.46111111111,2030.7111111111142,2119.2111111111094
1061,1922.8774074074065,2033.1274074074088,2121.6274074074067
1062,1924.51111111111,2034.761111111113,2123.26111111111
1063,1928.3722222222204,2038.6222222222254,2127.1222222222204
1064,1933.036419753085,2043.2864197530887,2131.786419753085
1065,1934.949999999999,2045.2000000000025,2133.699999999999
1066,1937.2518518518514,2047.5018518518539,2136.001851851851
1067,1939.5549382716044,2049.8049382716085,2138.3049382716044
1068,1942.1611111111104,2052.4111111111156,2140.91111111111
1069,1945.4222222222215,2055.67222222223,2144.1722222222215
1070,1948.863888888889,2059.113888888893,2147.613888888888
1071,1952.7530318342597,2063.0030318342606,2151.5030318342597
1072,1953.2583375442146,2063.508337544215,2152.008337544214
1073,1953.81,2064.060000000003,2152.56
1074,1956.1978632478633,2066.447863247866,2154.947863247863
1075,1958.8660493827163,2069.11604938272,2157.616049382716
1076,1970.4066666666704,2074.90666666667,2163.8066666666646
1077,1973.141269841271,2077.641269841271,2166.5412698412692
1078,2010.9638888888912,2085.9638888888894,2172.588888888891
1079,2014.133333333336,2089.133333333333,2175.758333333335
1080,2018.0222222222253,2093.022222222223,2179.6472222222246
1081,2021.7296296296327,2096.72962962963,2183.3546296296317
1082,2024.506666666668,2099.506666666667,2186.1316666666676
1083,2027.8037037037068,2102.803703703704,2189.428703703706
1084,2029.8495726495744,2104.8495726495726,2191.474572649574
1085,2033.1583333333356,2108.1583333333338,2194.7833333333356
1086,2036.1145299145312,2111.11452991453,2197.739529914531
1087,2037.6694444444452,2112.6694444444447,2199.294444444445
1088,2041.0848484848498,2116.0848484848484,2202.7098484848493
1089,2043.269444444446,2118.2694444444437,2204.894444444445
1090,2046.2641975308652,2121.2641975308634,2207.8891975308643
1091,2048.2666666666682,2123.2666666666655,2209.891666666668
1092,2051.1644444444464,2126.164444444443,2212.7894444444455
1093,2054.458585858587,2129.458585858585,2216.083585858586
1094,2057.895238095239,2132.895238095237,2219.5202380952387
1095,2059.7753058954395,2134.7753058954386,2221.4003058954395
1096,2063.5259259259265,2138.5259259259246,2225.1509259259265
1097,2066.707936507938,2141.7079365079353,2228.332936507937
1098,2069.8825396825414,2144.8825396825387,2231.5075396825405
1099,2072.450000000001,2147.45,2234.0750000000007
1100,2075.4527777777794,2150.4527777777776,2237.077777777779
1101,2078.0703703703716,2153.0703703703703,2239.695370370371
1102,2080.67777777778,2155.6777777777775,2242.3027777777793
1103,2083.661111111113,2158.661111111111,2245.2861111111124
1104,2084.9766407119027,2159.9766407119023,2246.6016407119023
1105,2087.5255555555586,2162.0755555555556,2248.8505555555566
1106,2089.0996106785337,2163.649610678532,2250.424610678532
1107,2092.8203703703766,2167.370370370372,2254.145370370373
1108,2105.0444444444443,2171.144444444446,2257.9194444444456
1109,2107.995238095238,2174.0952380952403,2260.8702380952395
1110,2111.455555555556,2177.5555555555584,2264.3305555555576
1111,2115.356790123458,2181.4567901234595,2268.231790123459
1112,2118.691666666667,2184.7916666666697,2271.5666666666684
1113,2121.3259259259266,2187.4259259259293,2274.2009259259285
1114,2140.7864197530916,2191.086419753092,2277.661419753089
1115,2143.1285714285777,2193.428571428579,2280.003571428574
1116,2145.048148148151,2195.3481481481513,2281.9231481481497
1117,2146.588888888892,2196.888888888893,2283.4638888888903
1118,2147.2908513341818,2197.590851334182,2284.165851334181
1119,2148.5790123456845,2198.8790123456847,2285.454012345682
1120,2150.270833333336,2200.570833333337,2287.145833333335
1121,2151.398685540953,2201.698685540953,2288.273685540951
1122,2152.618848167542,2202.918848167543,2289.493848167541
1123,2154.6844444444496,2204.9844444444498,2291.559444444447
1124,2156.1751308900552,2206.475130890056,2293.050130890054
1125,2157.809259259264,2208.109259259264,2294.684259259262
1126,2159.3415327564926,2209.641532756493,2296.2165327564912
1127,2160.531381733024,2210.8313817330245,2297.4063817330225
1128,2162.1632478632514,2212.463247863252,2299.03824786325
1129,2163.4630700778666,2213.7630700778673,2300.3380700778657
1130,2164.989227166279,2215.2892271662795,2301.864227166278
1131,2166.0642261353123,2216.3642261353125,2302.9392261353114
1132,2167.1361111111137,2217.4361111111143,2304.0111111111123
1133,2168.5800000000027,2218.8800000000033,2305.4550000000017
1134,2170.235185185189,2220.535185185189,2307.110185185187
1135,2172.4644444444493,2222.76444444445,2309.339444444447
1136,2173.341319942613,2223.641319942613,2310.216319942612
1137,2175.088888888895,2225.388888888896,2311.9638888888917
1138,2177.1497098646055,2227.4497098646057,2314.024709864604
1139,2178.5707070707113,2228.8707070707114,2315.445707070709
1140,2179.605222437139,2229.9052224371394,2316.4802224371383
1141,2182.6955752212475,2232.9955752212486,2319.5705752212434
1142,2186.280441640385,2236.580441640386,2323.1554416403815
1143,2188.2096685082897,2238.509668508291,2325.084668508289
1144,2190.2404411764783,2240.5404411764794,2327.1154411764746
1145,2192.7551470588314,2243.0551470588325,2329.6301470588273
1146,2199.24061810155,2248.240618101547,2333.240618101549
1147,2201.4076305220924,2250.40763052209,2335.4076305220915
1148,2203.716814159301,2252.7168141592956,2337.716814159299
1149,2206.9448529411834,2255.9448529411793,2340.944852941182
1150,2210.6906077348176,2259.6906077348112,2344.690607734815
1151,2214.4705882353014,2263.4705882352973,2348.4705882352996
1152,2215.295376121464,2264.2953761214635,2349.2953761214635
1153,2215.6404416839205,2264.6404416839205,2349.6404416839205
1154,2215.9855072463774,2264.985507246377,2349.9855072463774
1155,2218.305993690858,2267.3059936908544,2352.3059936908567
1156,2220.9227373068475,2269.9227373068447,2354.9227373068466
1157,2227.523769100172,2279.0237691001726,2371.0237691001703
1158,2229.0214723926397,2280.52147239264,2372.5214723926383
1159,2230.5309278350533,2282.0309278350546,2374.0309278350524
1160,2232.129834254146,2283.6298342541472,2375.629834254144
1161,2233.069088319089,2284.5690883190896,2376.569088319088
1162,2234.468137254905,2285.968137254906,2377.968137254902
1163,2235.93574297189,2287.4357429718907,2379.4357429718875
1164,2236.3350683491085,2291.185068349109,2385.885068349104
1165,2237.3983443708635,2292.2483443708634,2386.948344370859
1166,2238.7905622490002,2293.640562249001,2388.340562248993
1167,2240.9105893186047,2295.7605893186046,2390.460589318598
1168,2242.0234939759057,2296.873493975906,2391.5734939759022
1169,2243.027510040163,2297.877510040163,2392.5775100401593
1170,2244.4248618784563,2299.2748618784567,2393.9748618784506
1171,2246.284538152615,2301.1345381526157,2395.834538152608
1172,2248.846132596692,2303.696132596692,2398.396132596681
1173,2250.9683361629923,2305.818336162992,2400.5183361629856
1174,2253.341176470594,2308.1911764705947,2402.891176470585
1175,2255.2232457366517,2310.0732457366516,2404.77324573665
1176,2255.502809616998,2310.3528096169985,2405.052809616997
1177,2255.782373497345,2310.632373497345,2405.3323734973437
1178,2256.0619373776917,2310.9119373776916,2405.61193737769
1179,2256.2652208201907,2310.5402208201904,2406.815220820188
1180,2258.129411764716,2312.4044117647145,2408.679411764694
1181,2262.0539432176724,2318.753943217666,2416.1539432176664
1182,2270.0712707182356,2331.671270718241,2423.8712707182226
1183,2272.2895899053647,2333.8895899053678,2426.089589905357
1184,2267.388643533123,2344.7886435331225,2441.788643533113
1185,2269.2302428256066,2346.6302428256067,2443.630242825603
1186,2270.4636363636364,2347.863636363636,2444.863636363632
1187,2271.8330540746383,2349.233054074638,2446.233054074636
1188,2272.5946686976386,2349.994668697639,2446.9946686976364
1189,2274.0624447717228,2351.462444771723,2448.4624447717183
1190,2275.954545454545,2353.354545454545,2450.354545454541
1191,2278.62762430939,2356.0276243093904,2453.0276243093726
1192,2281.798529411763,2359.1985294117635,2456.1985294117517
1193,2283.6705926764816,2361.0705926764817,2458.070592676481
1194,2283.8593431483578,2361.259343148358,2458.2593431483574
1195,2284.0480936202343,2361.448093620234,2458.4480936202335
1196,2284.2368440921105,2361.63684409211,2458.6368440921096
1197,2284.4255945639866,2361.825594563986,2458.8255945639858
1198,2284.8397476340683,2362.239747634068,2459.2397476340584
1199,2287.6197559558395,2365.0197559558396,2462.0197559558374
1200,2288.200813480534,2365.6008134805343,2462.6008134805325
1201,2289.0936908517347,2366.4936908517343,2463.4936908517293
1202,2292.153921568627,2369.553921568627,2466.5539215686194
1203,2295.4419117647058,2372.8419117647054,2469.8419117646945
1204,2298.1119705340698,2375.51197053407,2472.511970534064
